<Defaults>
    <List>
        <Entry CastShadows="true" Collides="true" File="C:/Program Files (x86)/Steam/steamapps/common/Amnesia The Bunker/mods/BunkersEdge//static_objects/city/buildings/B_C_01/S_C_01_01_F.dae" IsOccluder="true" />
        <Entry CastShadows="true" Collides="true" File="C:/Program Files (x86)/Steam/steamapps/common/Amnesia The Bunker/mods/BunkersEdge//static_objects/city/buildings/B_C_01/S_C_01_01_R.dae" IsOccluder="true" />
        <Entry CastShadows="true" Collides="true" File="C:/Program Files (x86)/Steam/steamapps/common/Amnesia The Bunker/mods/BunkersEdge//static_objects/city/buildings/B_C_01/S_C_01_01_S.dae" IsOccluder="true" />
        <Entry CastShadows="true" Collides="true" File="C:/Program Files (x86)/Steam/steamapps/common/Amnesia The Bunker/mods/BunkersEdge//static_objects/city/buildings/B_C_01/S_C_01_04.dae" IsOccluder="true" />
        <Entry CastShadows="true" Collides="true" File="C:/Program Files (x86)/Steam/steamapps/common/Amnesia The Bunker/mods/BunkersEdge//static_objects/city/buildings/B_C_02/S_C_02_01_F.dae" IsOccluder="true" />
        <Entry CastShadows="true" Collides="true" File="C:/Program Files (x86)/Steam/steamapps/common/Amnesia The Bunker/mods/BunkersEdge//static_objects/city/buildings/B_C_02/S_C_02_01_R.dae" IsOccluder="true" />
        <Entry CastShadows="true" Collides="true" File="C:/Program Files (x86)/Steam/steamapps/common/Amnesia The Bunker/mods/BunkersEdge//static_objects/city/buildings/B_C_02/S_C_02_01_S.dae" IsOccluder="true" />
        <Entry CastShadows="true" Collides="true" File="C:/Program Files (x86)/Steam/steamapps/common/Amnesia The Bunker/mods/BunkersEdge//static_objects/city/buildings/B_C_03/S_C_03_05_F.dae" IsOccluder="true" />
        <Entry CastShadows="true" Collides="true" File="C:/Program Files (x86)/Steam/steamapps/common/Amnesia The Bunker/mods/BunkersEdge//static_objects/city/buildings/B_C_05/S_C_05_04_F.dae" IsOccluder="true" />
        <Entry CastShadows="true" Collides="true" File="C:/Program Files (x86)/Steam/steamapps/common/Amnesia The Bunker/mods/BunkersEdge//static_objects/city/buildings/B_C_06/S_C_06_01_F.dae" IsOccluder="true" />
        <Entry CastShadows="true" Collides="true" File="C:/Program Files (x86)/Steam/steamapps/common/Amnesia The Bunker/mods/BunkersEdge//static_objects/city/buildings/B_C_06/S_C_06_01_S.dae" IsOccluder="true" />
        <Entry CastShadows="true" Collides="true" File="C:/Program Files (x86)/Steam/steamapps/common/Amnesia The Bunker/mods/BunkersEdge//static_objects/city/buildings/B_C_06/S_C_06_03_F.dae" IsOccluder="true" />
        <Entry CastShadows="true" Collides="true" File="C:/Program Files (x86)/Steam/steamapps/common/Amnesia The Bunker/mods/BunkersEdge//static_objects/city/buildings/B_R_03/S_R_03_04_F.dae" IsOccluder="true" />
        <Entry CastShadows="true" Collides="true" File="C:/Program Files (x86)/Steam/steamapps/common/Amnesia The Bunker/mods/BunkersEdge//static_objects/city/buildings/B_R_05/S_R_05_03_F.dae" IsOccluder="true" />
        <Entry CastShadows="true" Collides="true" File="C:/Program Files (x86)/Steam/steamapps/common/Amnesia The Bunker/mods/BunkersEdge//static_objects/city/buildings/B_R_06/S_R_06_01_F.dae" IsOccluder="true" />
        <Entry CastShadows="true" Collides="true" File="C:/Program Files (x86)/Steam/steamapps/common/Amnesia The Bunker/mods/BunkersEdge//static_objects/city/buildings/B_R_06/S_R_06_01_R.dae" IsOccluder="true" />
        <Entry CastShadows="true" Collides="true" File="C:/Program Files (x86)/Steam/steamapps/common/Amnesia The Bunker/mods/BunkersEdge//static_objects/city/buildings/B_R_06/S_R_06_01_S.dae" IsOccluder="true" />
        <Entry CastShadows="true" Collides="true" File="C:/Program Files (x86)/Steam/steamapps/common/Amnesia The Bunker/mods/BunkersEdge//static_objects/city/buildings/S_BD_Industrial/S_BD_Industrial_03/S_BD_Industrial_03.dae" IsOccluder="true" />
        <Entry CastShadows="true" Collides="true" File="C:/Program Files (x86)/Steam/steamapps/common/Amnesia The Bunker/mods/BunkersEdge//static_objects/city/generic/S_Door_Residential_01/S_Door_Residential_01.dae" IsOccluder="true" />
        <Entry CastShadows="true" Collides="true" File="C:/Program Files (x86)/Steam/steamapps/common/Amnesia The Bunker/mods/BunkersEdge//static_objects/city/generic/S_StairSystem_02a/M_StairSystem_02_spec.dae" IsOccluder="true" />
        <Entry CastShadows="true" Collides="true" File="C:/Program Files (x86)/Steam/steamapps/common/Amnesia The Bunker/mods/BunkersEdge//static_objects/city/generic/S_StairSystem_02a/S_StairSystem_02a.dae" IsOccluder="true" />
        <Entry CastShadows="true" Collides="true" File="C:/Program Files (x86)/Steam/steamapps/common/Amnesia The Bunker/mods/BunkersEdge//static_objects/city/generic/S_WindowPlug_01/S_WindowPlug_01.dae" IsOccluder="true" />
        <Entry CastShadows="true" Collides="true" File="C:/Program Files (x86)/Steam/steamapps/common/Amnesia The Bunker/mods/BunkersEdge//static_objects/city/prop/Awning_01/Awning_01.dae" IsOccluder="true" />
        <Entry CastShadows="true" Collides="true" File="C:/Program Files (x86)/Steam/steamapps/common/Amnesia The Bunker/mods/BunkersEdge//static_objects/city/prop/S_ACRooftop_06/M_ACRooftop_06.dae" IsOccluder="true" />
        <Entry CastShadows="true" Collides="true" File="C:/Program Files (x86)/Steam/steamapps/common/Amnesia The Bunker/mods/BunkersEdge//static_objects/city/prop/S_Billboard_01/S_Billboard_01.dae" IsOccluder="true" />
        <Entry CastShadows="true" Collides="true" File="C:/Program Files (x86)/Steam/steamapps/common/Amnesia The Bunker/mods/BunkersEdge//static_objects/city/rooftop/S_BoxRooftop_01/S_BoxRooftop_01.dae" IsOccluder="true" />
        <Entry CastShadows="true" Collides="true" File="C:/Program Files (x86)/Steam/steamapps/common/Amnesia The Bunker/mods/BunkersEdge//static_objects/city/rooftop/S_CatwalkSystem/S_CatwalkSystem_01/S_CatwalkSystem_01.dae" IsOccluder="true" />
        <Entry CastShadows="true" Collides="true" File="C:/Program Files (x86)/Steam/steamapps/common/Amnesia The Bunker/mods/BunkersEdge//static_objects/city/rooftop/S_CatwalkSystem/S_CatwalkSystem_04a/S_CatwalkSystem_04a.dae" IsOccluder="true" />
        <Entry CastShadows="true" Collides="true" File="C:/Program Files (x86)/Steam/steamapps/common/Amnesia The Bunker/mods/BunkersEdge//static_objects/city/rooftop/S_CatwalkSystem/S_CatwalkSystem_04b/S_CatwalkSystem_04b.dae" IsOccluder="true" />
        <Entry CastShadows="true" Collides="true" File="C:/Program Files (x86)/Steam/steamapps/common/Amnesia The Bunker/mods/BunkersEdge//static_objects/city/rooftop/S_CatwalkSystem/S_CatwalkSystem_04c/S_CatwalkSystem_04c.dae" IsOccluder="true" />
        <Entry CastShadows="true" Collides="true" File="C:/Program Files (x86)/Steam/steamapps/common/Amnesia The Bunker/mods/BunkersEdge//static_objects/city/rooftop/S_Cistern_01/S_Cistern_01.dae" IsOccluder="true" />
        <Entry CastShadows="true" Collides="true" File="C:/Program Files (x86)/Steam/steamapps/common/Amnesia The Bunker/mods/BunkersEdge//static_objects/city/rooftop/S_Cistern_01_001/S_Cistern_01_001.dae" IsOccluder="true" />
        <Entry CastShadows="true" Collides="true" File="C:/Program Files (x86)/Steam/steamapps/common/Amnesia The Bunker/mods/BunkersEdge//static_objects/city/rooftop/S_HatchRooftop_01/S_HatchRooftop_01.dae" IsOccluder="true" />
        <Entry CastShadows="true" Collides="true" File="C:/Program Files (x86)/Steam/steamapps/common/Amnesia The Bunker/mods/BunkersEdge//static_objects/city/rooftop/S_HatchRooftop_02/S_HatchRooftop_02.dae" IsOccluder="true" />
        <Entry CastShadows="true" Collides="true" File="C:/Program Files (x86)/Steam/steamapps/common/Amnesia The Bunker/mods/BunkersEdge//static_objects/city/rooftop/S_RooftopBoxes_07/S_RooftopBoxes_07.dae" IsOccluder="true" />
        <Entry CastShadows="true" Collides="true" File="C:/Program Files (x86)/Steam/steamapps/common/Amnesia The Bunker/mods/BunkersEdge//static_objects/city/rooftop/S_RooftopBoxes_10/S_RooftopBoxes_10.dae" IsOccluder="true" />
        <Entry CastShadows="true" Collides="true" File="C:/Program Files (x86)/Steam/steamapps/common/Amnesia The Bunker/mods/BunkersEdge//static_objects/city/rooftop/S_RooftopBoxes_14/S_RooftopBoxes_14.dae" IsOccluder="true" />
        <Entry CastShadows="true" Collides="true" File="C:/Program Files (x86)/Steam/steamapps/common/Amnesia The Bunker/mods/BunkersEdge//static_objects/city/rooftop/S_SolarPanel_01_001/S_SolarPanel_01_001.dae" IsOccluder="true" />
        <Entry CastShadows="true" Collides="true" File="C:/Program Files (x86)/Steam/steamapps/common/Amnesia The Bunker/mods/BunkersEdge//static_objects/city/rooftop/prop_cluster/M_RooftopPropsCluster.dae" IsOccluder="true" />
        <Entry CastShadows="true" Collides="true" File="C:/Program Files (x86)/Steam/steamapps/common/Amnesia The Bunker/mods/BunkersEdge//static_objects/city/rooftop/prop_cluster/S_RooftoPropsCluster_02.dae" IsOccluder="true" />
        <Entry CastShadows="true" Collides="true" File="C:/Program Files (x86)/Steam/steamapps/common/Amnesia The Bunker/mods/BunkersEdge//static_objects/city/rooftop_structures/S_RooftopStructurePlug_01a/S_RooftopStructurePlug_01a.dae" IsOccluder="true" />
        <Entry CastShadows="true" Collides="true" File="C:/Program Files (x86)/Steam/steamapps/common/Amnesia The Bunker/mods/BunkersEdge//static_objects/city/rooftop_structures/S_RooftopStructure_05/S_RooftopStructure_05.dae" IsOccluder="true" />
        <Entry CastShadows="true" Collides="true" File="C:/Program Files (x86)/Steam/steamapps/common/Amnesia The Bunker/mods/BunkersEdge//static_objects/city/rooftop_structures/S_RooftopStructure_07/S_RooftopStructure_07.dae" IsOccluder="true" />
        <Entry CastShadows="true" Collides="true" File="C:/Program Files (x86)/Steam/steamapps/common/Amnesia The Bunker/mods/BunkersEdge//static_objects/city/runner_objects/S_PlankCluster_01/S_PlankCluster_01.dae" IsOccluder="true" />
        <Entry CastShadows="true" Collides="true" File="C:/Program Files (x86)/Steam/steamapps/common/Amnesia The Bunker/mods/BunkersEdge//static_objects/city/runner_objects/S_RooftopBoxes_01a/M_RooftopBoxes_01.dae" IsOccluder="true" />
        <Entry CastShadows="true" Collides="true" File="C:/Program Files (x86)/Steam/steamapps/common/Amnesia The Bunker/mods/BunkersEdge//static_objects/city/runner_objects/S_RooftopBoxes_01a/M_RooftopBoxes_01c.dae" IsOccluder="true" />
        <Entry CastShadows="true" Collides="true" File="C:/Program Files (x86)/Steam/steamapps/common/Amnesia The Bunker/mods/BunkersEdge//static_objects/city/runner_objects/S_RunnerRamp_01/S_RunnerRamp_01.dae" IsOccluder="true" />
        <Entry CastShadows="true" Collides="true" File="C:/Program Files (x86)/Steam/steamapps/common/Amnesia The Bunker/mods/BunkersEdge//static_objects/city/runner_objects/S_RunnerRamp_02/S_RunnerRamp_02.dae" IsOccluder="true" />
        <Entry CastShadows="true" Collides="true" File="C:/Program Files (x86)/Steam/steamapps/common/Amnesia The Bunker/mods/BunkersEdge//static_objects/city/runner_objects/S_RunnerSign_02_001/M_RunnerObjects_Wood_White_001.dae" IsOccluder="true" />
        <Entry CastShadows="true" Collides="true" File="C:/Program Files (x86)/Steam/steamapps/common/Amnesia The Bunker/mods/BunkersEdge//static_objects/city/runner_objects/S_Skylight_01/M_Skylight_01.dae" IsOccluder="true" />
        <Entry CastShadows="true" Collides="true" File="C:/Program Files (x86)/Steam/steamapps/common/Amnesia The Bunker/mods/BunkersEdge//static_objects/city/runner_objects/S_ZipLineBase_01/S_ZipLineBase_01.dae" IsOccluder="true" />
        <Entry CastShadows="true" Collides="true" File="C:/Program Files (x86)/Steam/steamapps/common/Amnesia The Bunker/mods/BunkersEdge//static_objects/city/runner_objects/S_ZipLineBase_01b/M_ZipLineBase_01_001.dae" IsOccluder="true" />
        <Entry CastShadows="true" Collides="true" File="C:/Program Files (x86)/Steam/steamapps/common/Amnesia The Bunker/mods/BunkersEdge//static_objects/city/shard/shard.dae" IsOccluder="true" />
        <Entry CastShadows="true" Collides="true" File="C:/Program Files (x86)/Steam/steamapps/common/Amnesia The Bunker/mods/BunkersEdge//static_objects/city/skyscrapers/S_BD_Skyscraper_02/S_BD_Skyscraper_02.dae" IsOccluder="true" />
        <Entry CastShadows="true" Collides="true" File="C:/Program Files (x86)/Steam/steamapps/common/Amnesia The Bunker/mods/BunkersEdge//static_objects/city/skyscrapers/S_BD_Skyscraper_14/S_BD_Skyscraper_14.dae" IsOccluder="true" />
        <Entry CastShadows="true" Collides="true" File="static_objects/_temp/00_03_outside_waitroom.DAE" IsOccluder="true" />
        <Entry CastShadows="true" Collides="true" File="static_objects/_temp/01_01_door.dae" IsOccluder="true" />
        <Entry CastShadows="true" Collides="true" File="static_objects/_temp/02_01_audiolog_flesher.dae" IsOccluder="true" />
        <Entry CastShadows="true" Collides="true" File="static_objects/_temp/02_05_Server.dae" IsOccluder="true" />
        <Entry CastShadows="true" Collides="true" File="static_objects/_temp/02_05_Server_grid.dae" IsOccluder="true" />
        <Entry CastShadows="true" Collides="true" File="static_objects/_temp/02_05_scaletest.dae" IsOccluder="true" />
        <Entry CastShadows="true" Collides="true" File="static_objects/_temp/02_07_scale_test.dae" IsOccluder="true" />
        <Entry CastShadows="true" Collides="true" File="static_objects/_temp/Phil_temp/datasite_cliff_scale.dae" IsOccluder="true" />
        <Entry CastShadows="true" Collides="true" File="static_objects/_temp/Phil_temp/datasite_pillar_scale.dae" IsOccluder="true" />
        <Entry CastShadows="true" Collides="true" File="static_objects/_temp/Phil_temp/datasite_scale.dae" IsOccluder="true" />
        <Entry CastShadows="true" Collides="true" File="static_objects/_temp/Phil_temp/mscurie_temp.dae" IsOccluder="true" />
        <Entry CastShadows="true" Collides="true" File="static_objects/_temp/Phil_temp/solitarycube.dae" IsOccluder="true" />
        <Entry CastShadows="true" Collides="true" File="static_objects/_temp/_Subway_test.dae" IsOccluder="true" />
        <Entry CastShadows="true" Collides="true" File="static_objects/_temp/_narrow_pathways_temp.dae" IsOccluder="true" />
        <Entry CastShadows="true" Collides="true" File="static_objects/_temp/_temp_david.dae" IsOccluder="true" />
        <Entry CastShadows="true" Collides="true" File="static_objects/_temp/aaron/church/ceiling/ceiling_arched_corner_large.dae" IsOccluder="true" />
        <Entry CastShadows="true" Collides="true" File="static_objects/_temp/aaron/church/walls/arch.dae" IsOccluder="true" />
        <Entry CastShadows="true" Collides="true" File="static_objects/_temp/aaron/church/walls/arch_large.dae" IsOccluder="true" />
        <Entry CastShadows="true" Collides="true" File="static_objects/_temp/aaron/church/walls/flat.dae" IsOccluder="true" />
        <Entry CastShadows="true" Collides="true" File="static_objects/_temp/aaron/church/walls/flat_short.dae" IsOccluder="true" />
        <Entry CastShadows="true" Collides="true" File="static_objects/_temp/aaron/church/walls/flat_window.dae" IsOccluder="true" />
        <Entry CastShadows="true" Collides="true" File="static_objects/_temp/aaron/church/walls/flat_window_arched.dae" IsOccluder="true" />
        <Entry CastShadows="true" Collides="true" File="static_objects/_temp/aaron/church/walls/window_frame.dae" IsOccluder="true" />
        <Entry CastShadows="true" Collides="true" File="static_objects/_temp/aaron/church/walls/window_frame_arched.dae" IsOccluder="true" />
        <Entry CastShadows="true" Collides="true" File="static_objects/_temp/aaron/dive_suit_locker_arrangement.dae" IsOccluder="true" />
        <Entry CastShadows="true" Collides="true" File="static_objects/_temp/aaron/static_objects/OceanBottom/boulder_large/boulder_large.dae" IsOccluder="true" />
        <Entry CastShadows="true" Collides="true" File="static_objects/_temp/aaron/static_objects/OceanBottom/boulder_small/boulder_small.dae" IsOccluder="true" />
        <Entry CastShadows="true" Collides="true" File="static_objects/_temp/aaron/static_objects/OceanBottom/debris_ship_large_01.dae" IsOccluder="true" />
        <Entry CastShadows="true" Collides="true" File="static_objects/_temp/aaron/static_objects/OceanBottom/debris_ship_large_02.dae" IsOccluder="true" />
        <Entry CastShadows="true" Collides="true" File="static_objects/_temp/aaron/static_objects/OceanBottom/debris_ship_large_03.dae" IsOccluder="true" />
        <Entry CastShadows="true" Collides="true" File="static_objects/_temp/aaron/static_objects/OceanBottom/debris_ship_small_01.dae" IsOccluder="true" />
        <Entry CastShadows="true" Collides="true" File="static_objects/_temp/aaron/static_objects/OceanBottom/debris_ship_small_02.dae" IsOccluder="true" />
        <Entry CastShadows="true" Collides="true" File="static_objects/_temp/aaron/static_objects/OceanBottom/debris_ship_small_03.dae" IsOccluder="true" />
        <Entry CastShadows="true" Collides="true" File="static_objects/_temp/aaron/static_objects/OceanBottom/ship_huge_01.dae" IsOccluder="true" />
        <Entry CastShadows="true" Collides="true" File="static_objects/_temp/aaron/static_objects/OceanBottom/ship_huge_02.dae" IsOccluder="true" />
        <Entry CastShadows="true" Collides="true" File="static_objects/_temp/aaron/static_objects/OceanBottom/ship_huge_03.dae" IsOccluder="true" />
        <Entry CastShadows="true" Collides="true" File="static_objects/_temp/aaron/static_objects/set_test_ceiling_welder_concave.dae" IsOccluder="true" />
        <Entry CastShadows="true" Collides="true" File="static_objects/_temp/aaron/static_objects/set_test_ceiling_welder_convex.dae" IsOccluder="true" />
        <Entry CastShadows="true" Collides="true" File="static_objects/_temp/aaron/static_objects/set_test_ceiling_welder_straight.dae" IsOccluder="true" />
        <Entry CastShadows="true" Collides="true" File="static_objects/_temp/aaron/static_objects/set_test_ceiling_welder_straight_short.dae" IsOccluder="true" />
        <Entry CastShadows="true" Collides="true" File="static_objects/_temp/aaron/static_objects/set_test_concave.dae" IsOccluder="true" />
        <Entry CastShadows="true" Collides="true" File="static_objects/_temp/aaron/static_objects/set_test_convex.dae" IsOccluder="true" />
        <Entry CastShadows="true" Collides="true" File="static_objects/_temp/aaron/static_objects/set_test_doorframe.dae" IsOccluder="true" />
        <Entry CastShadows="true" Collides="true" File="static_objects/_temp/aaron/static_objects/set_test_doorway.dae" IsOccluder="true" />
        <Entry CastShadows="true" Collides="true" File="static_objects/_temp/aaron/static_objects/set_test_doorway_large.dae" IsOccluder="true" />
        <Entry CastShadows="true" Collides="true" File="static_objects/_temp/aaron/static_objects/set_test_flat.dae" IsOccluder="true" />
        <Entry CastShadows="true" Collides="true" File="static_objects/_temp/aaron/static_objects/set_test_flat_doorway_large.dae" IsOccluder="true" />
        <Entry CastShadows="true" Collides="true" File="static_objects/_temp/aaron/static_objects/set_test_flat_short.dae" IsOccluder="true" />
        <Entry CastShadows="true" Collides="true" File="static_objects/_temp/aaron/static_objects/set_test_floor_doorway_large.dae" IsOccluder="true" />
        <Entry CastShadows="true" Collides="true" File="static_objects/_temp/aaron/static_objects/set_test_floor_welder_concave.dae" IsOccluder="true" />
        <Entry CastShadows="true" Collides="true" File="static_objects/_temp/aaron/static_objects/set_test_floor_welder_convex.dae" IsOccluder="true" />
        <Entry CastShadows="true" Collides="true" File="static_objects/_temp/aaron/static_objects/set_test_floor_welder_straight.dae" IsOccluder="true" />
        <Entry CastShadows="true" Collides="true" File="static_objects/_temp/aaron/static_objects/set_test_floor_welder_straight_short.dae" IsOccluder="true" />
        <Entry CastShadows="true" Collides="true" File="static_objects/_temp/aaron/static_objects/set_test_welder_support_arch.dae" IsOccluder="true" />
        <Entry CastShadows="true" Collides="true" File="static_objects/_temp/aaron/static_objects/set_test_welder_support_arch_small.dae" IsOccluder="true" />
        <Entry CastShadows="true" Collides="true" File="static_objects/_temp/ahmad/default_worn.dae" IsOccluder="true" />
        <Entry CastShadows="true" Collides="true" File="static_objects/_temp/ahmad/door_frame.dae" IsOccluder="true" />
        <Entry CastShadows="true" Collides="true" File="static_objects/_temp/ahmad/door_frame_large_arched.dae" IsOccluder="true" />
        <Entry CastShadows="true" Collides="true" File="static_objects/_temp/ahmad/door_frame_large_ornate_arched.dae" IsOccluder="true" />
        <Entry CastShadows="true" Collides="true" File="static_objects/_temp/ahmad/door_frame_plain_worn.dae" IsOccluder="true" />
        <Entry CastShadows="true" Collides="true" File="static_objects/_temp/ahmad/door_frame_worn.dae" IsOccluder="true" />
        <Entry CastShadows="true" Collides="true" File="static_objects/_temp/ahmad/pine.dae" IsOccluder="true" />
        <Entry CastShadows="true" Collides="true" File="static_objects/_temp/ahmad/round_floating_right.dae" IsOccluder="true" />
        <Entry CastShadows="true" Collides="true" File="static_objects/_temp/ahmad/worker_standin.dae" IsOccluder="true" />
        <Entry CastShadows="true" Collides="true" File="static_objects/_temp/algae_caulerpa_undergrowth.dae" IsOccluder="true" />
        <Entry CastShadows="true" Collides="true" File="static_objects/_temp/algae_undergrowth.dae" IsOccluder="true" />
        <Entry CastShadows="true" Collides="true" File="static_objects/_temp/anton/anton_buildings/barn_wall_a.DAE" IsOccluder="true" />
        <Entry CastShadows="true" Collides="true" File="static_objects/_temp/anton/anton_buildings/barn_wall_b.DAE" IsOccluder="true" />
        <Entry CastShadows="true" Collides="true" File="static_objects/_temp/anton/anton_buildings/barn_wall_c.DAE" IsOccluder="true" />
        <Entry CastShadows="true" Collides="true" File="static_objects/_temp/anton/anton_buildings/barn_wall_corner.DAE" IsOccluder="true" />
        <Entry CastShadows="true" Collides="true" File="static_objects/_temp/anton/anton_buildings/barn_wall_d.DAE" IsOccluder="true" />
        <Entry CastShadows="true" Collides="true" File="static_objects/_temp/anton/anton_buildings/stable_mockup.DAE" IsOccluder="true" />
        <Entry CastShadows="true" Collides="true" File="static_objects/_temp/anton/anton_cliffs/anton_cliff_a.DAE" IsOccluder="true" />
        <Entry CastShadows="true" Collides="true" File="static_objects/_temp/anton/anton_cliffs/anton_cliff_b.DAE" IsOccluder="true" />
        <Entry CastShadows="true" Collides="true" File="static_objects/_temp/anton/anton_cliffs/anton_cliff_c.DAE" IsOccluder="true" />
        <Entry CastShadows="true" Collides="true" File="static_objects/_temp/anton/anton_divermonster_sizetest.DAE" IsOccluder="true" />
        <Entry CastShadows="true" Collides="true" File="static_objects/_temp/anton/anton_static_trees/anton_spruce_bg.DAE" IsOccluder="true" />
        <Entry CastShadows="true" Collides="true" File="static_objects/_temp/anton/anton_static_trees/anton_static_spruce.DAE" IsOccluder="true" />
        <Entry CastShadows="true" Collides="true" File="static_objects/_temp/bullmonster.dae" IsOccluder="true" />
        <Entry CastShadows="true" Collides="true" File="static_objects/_temp/curie_stand_in.dae" IsOccluder="true" />
        <Entry CastShadows="true" Collides="true" File="static_objects/_temp/jens/pinball.dae" IsOccluder="true" />
        <Entry CastShadows="true" Collides="true" File="static_objects/_temp/lavapillar01.dae" IsOccluder="true" />
        <Entry CastShadows="true" Collides="true" File="static_objects/_temp/lavapillar02.dae" IsOccluder="true" />
        <Entry CastShadows="true" Collides="true" File="static_objects/_temp/lavapillar02_pitching.dae" IsOccluder="true" />
        <Entry CastShadows="true" Collides="true" File="static_objects/_temp/lavapillar02_pitching02.dae" IsOccluder="true" />
        <Entry CastShadows="true" Collides="true" File="static_objects/_temp/macleod/Shipwreck/BallroomFloor.dae" IsOccluder="true" />
        <Entry CastShadows="true" Collides="true" File="static_objects/_temp/macleod/Shipwreck/BallroomSteps.dae" IsOccluder="true" />
        <Entry CastShadows="true" Collides="true" File="static_objects/_temp/macleod/crate/WoodenCrate.dae" IsOccluder="true" />
        <Entry CastShadows="true" Collides="true" File="static_objects/_temp/macleod/floor_panel_curve.dae" IsOccluder="true" />
        <Entry CastShadows="true" Collides="true" File="static_objects/_temp/maintenance_infected_hanging_idle.dae" IsOccluder="true" />
        <Entry CastShadows="true" Collides="true" File="static_objects/_temp/marc/2.3_mindcoral_stand_in.dae" IsOccluder="true" />
        <Entry CastShadows="true" Collides="true" File="static_objects/_temp/marc/2_7_tower_temp.dae" IsOccluder="true" />
        <Entry CastShadows="true" Collides="true" File="static_objects/_temp/marc/cargo_lift_sizetest.dae" IsOccluder="true" />
        <Entry CastShadows="true" Collides="true" File="static_objects/_temp/marc/city/boat_dock.dae" IsOccluder="true" />
        <Entry CastShadows="true" Collides="true" File="static_objects/_temp/marc/city/canalwall_boat_dock.dae" IsOccluder="true" />
        <Entry CastShadows="true" Collides="true" File="static_objects/_temp/marc/city/canalwall_straight.dae" IsOccluder="true" />
        <Entry CastShadows="true" Collides="true" File="static_objects/_temp/marc/city/canalwall_straight_outlet.dae" IsOccluder="true" />
        <Entry CastShadows="true" Collides="true" File="static_objects/_temp/marc/city/canalwall_turn.dae" IsOccluder="true" />
        <Entry CastShadows="true" Collides="true" File="static_objects/_temp/marc/city/canalwall_turn_large.dae" IsOccluder="true" />
        <Entry CastShadows="true" Collides="true" File="static_objects/_temp/marc/city/canalwall_turn_medium.dae" IsOccluder="true" />
        <Entry CastShadows="true" Collides="true" File="static_objects/_temp/marc/city/canalwall_turn_short.dae" IsOccluder="true" />
        <Entry CastShadows="true" Collides="true" File="static_objects/_temp/marc/city/concrete_wall.dae" IsOccluder="true" />
        <Entry CastShadows="true" Collides="true" File="static_objects/_temp/marc/city/concrete_wall_hole.dae" IsOccluder="true" />
        <Entry CastShadows="true" Collides="true" File="static_objects/_temp/marc/city/concrete_wall_top.dae" IsOccluder="true" />
        <Entry CastShadows="true" Collides="true" File="static_objects/_temp/marc/city/house01.dae" IsOccluder="true" />
        <Entry CastShadows="true" Collides="true" File="static_objects/_temp/marc/city/house02.dae" IsOccluder="true" />
        <Entry CastShadows="true" Collides="true" File="static_objects/_temp/marc/city/house03.dae" IsOccluder="true" />
        <Entry CastShadows="true" Collides="true" File="static_objects/_temp/marc/city/house04.dae" IsOccluder="true" />
        <Entry CastShadows="true" Collides="true" File="static_objects/_temp/marc/city/stairs_watertunnel.dae" IsOccluder="true" />
        <Entry CastShadows="true" Collides="true" File="static_objects/_temp/marc/city/tree.dae" IsOccluder="true" />
        <Entry CastShadows="true" Collides="true" File="static_objects/_temp/marc/city/waterdrain.dae" IsOccluder="true" />
        <Entry CastShadows="true" Collides="true" File="static_objects/_temp/marc/city/watertunnel_big_entrance.dae" IsOccluder="true" />
        <Entry CastShadows="true" Collides="true" File="static_objects/_temp/marc/city/watertunnel_small_entrance.dae" IsOccluder="true" />
        <Entry CastShadows="true" Collides="true" File="static_objects/_temp/marc/communication_dome/communication_dome.dae" IsOccluder="true" />
        <Entry CastShadows="true" Collides="true" File="static_objects/_temp/marc/communication_dome/communication_dome_plates.dae" IsOccluder="true" />
        <Entry CastShadows="true" Collides="true" File="static_objects/_temp/marc/divelockersizetest.dae" IsOccluder="true" />
        <Entry CastShadows="true" Collides="true" File="static_objects/_temp/marc/living_room_scene/roof/extruded_panel_empty.dae" IsOccluder="true" />
        <Entry CastShadows="true" Collides="true" File="static_objects/_temp/marc/living_room_scene/roof/extruded_panel_fan.dae" IsOccluder="true" />
        <Entry CastShadows="true" Collides="true" File="static_objects/_temp/marc/living_room_scene/wall/ventilation_fan_addon.dae" IsOccluder="true" />
        <Entry CastShadows="true" Collides="true" File="static_objects/_temp/marc/living_room_scene/wall/ventilation_shutter_addon.dae" IsOccluder="true" />
        <Entry CastShadows="true" Collides="true" File="static_objects/_temp/marc/living_room_scene/wall/window_security_shutter_frame.dae" IsOccluder="true" />
        <Entry CastShadows="true" Collides="true" File="static_objects/_temp/marc/pipes_stack.dae" IsOccluder="true" />
        <Entry CastShadows="true" Collides="true" File="static_objects/_temp/marc/plateau_station/plateau_station.dae" IsOccluder="true" />
        <Entry CastShadows="true" Collides="true" File="static_objects/_temp/marc/plateau_station/plateau_station_support.dae" IsOccluder="true" />
        <Entry CastShadows="true" Collides="true" File="static_objects/_temp/marc/plateau_station_smokestack/plateau_station_smokestack.dae" IsOccluder="true" />
        <Entry CastShadows="true" Collides="true" File="static_objects/_temp/marc/plateau_station_smokestack/plateau_station_smokestack_long.dae" IsOccluder="true" />
        <Entry CastShadows="true" Collides="true" File="static_objects/_temp/marc/power_transmission/power_transmission.dae" IsOccluder="true" />
        <Entry CastShadows="true" Collides="true" File="static_objects/_temp/marc/power_transmission/power_transmission_powercable.dae" IsOccluder="true" />
        <Entry CastShadows="true" Collides="true" File="static_objects/_temp/marc/pump_station/pump_station.dae" IsOccluder="true" />
        <Entry CastShadows="true" Collides="true" File="static_objects/_temp/marc/service_duct/service_duct_01.dae" IsOccluder="true" />
        <Entry CastShadows="true" Collides="true" File="static_objects/_temp/marc/service_duct/service_duct_02.dae" IsOccluder="true" />
        <Entry CastShadows="true" Collides="true" File="static_objects/_temp/marc/silo/plateau_station_silo.dae" IsOccluder="true" />
        <Entry CastShadows="true" Collides="true" File="static_objects/_temp/marc/silo/plateau_station_silo_spine.dae" IsOccluder="true" />
        <Entry CastShadows="true" Collides="true" File="static_objects/_temp/marc/silo/silo.dae" IsOccluder="true" />
        <Entry CastShadows="true" Collides="true" File="static_objects/_temp/marc/station_maintenance_duct_3way.dae" IsOccluder="true" />
        <Entry CastShadows="true" Collides="true" File="static_objects/_temp/marc/station_maintenance_duct_straight.dae" IsOccluder="true" />
        <Entry CastShadows="true" Collides="true" File="static_objects/_temp/marc/station_maintenance_duct_turn.dae" IsOccluder="true" />
        <Entry CastShadows="true" Collides="true" File="static_objects/_temp/marc/tau_tunnels/tau_8sided_room_1door.dae" IsOccluder="true" />
        <Entry CastShadows="true" Collides="true" File="static_objects/_temp/marc/tau_tunnels/tau_8sided_room_2doors.dae" IsOccluder="true" />
        <Entry CastShadows="true" Collides="true" File="static_objects/_temp/marc/tau_tunnels/tau_8sided_room_chemlab_1door.dae" IsOccluder="true" />
        <Entry CastShadows="true" Collides="true" File="static_objects/_temp/marc/tau_tunnels/tau_8sided_room_divingroom_2door.dae" IsOccluder="true" />
        <Entry CastShadows="true" Collides="true" File="static_objects/_temp/marc/tau_tunnels/tau_8sided_room_infirmary_1door.dae" IsOccluder="true" />
        <Entry CastShadows="true" Collides="true" File="static_objects/_temp/marc/tau_tunnels/tau_living_area_hub.dae" IsOccluder="true" />
        <Entry CastShadows="true" Collides="true" File="static_objects/_temp/marc/tau_tunnels/tau_tunnel_3way.dae" IsOccluder="true" />
        <Entry CastShadows="true" Collides="true" File="static_objects/_temp/marc/tau_tunnels/tau_tunnel_4way.dae" IsOccluder="true" />
        <Entry CastShadows="true" Collides="true" File="static_objects/_temp/marc/tau_tunnels/tau_tunnel_crewroom.dae" IsOccluder="true" />
        <Entry CastShadows="true" Collides="true" File="static_objects/_temp/marc/tau_tunnels/tau_tunnel_door_large_frame.dae" IsOccluder="true" />
        <Entry CastShadows="true" Collides="true" File="static_objects/_temp/marc/tau_tunnels/tau_tunnel_door_small_frame.dae" IsOccluder="true" />
        <Entry CastShadows="true" Collides="true" File="static_objects/_temp/marc/tau_tunnels/tau_tunnel_ladder.dae" IsOccluder="true" />
        <Entry CastShadows="true" Collides="true" File="static_objects/_temp/marc/tau_tunnels/tau_tunnel_ladder_short.dae" IsOccluder="true" />
        <Entry CastShadows="true" Collides="true" File="static_objects/_temp/marc/tau_tunnels/tau_tunnel_ladder_short_turn_left.dae" IsOccluder="true" />
        <Entry CastShadows="true" Collides="true" File="static_objects/_temp/marc/tau_tunnels/tau_tunnel_ladder_short_uturn.dae" IsOccluder="true" />
        <Entry CastShadows="true" Collides="true" File="static_objects/_temp/marc/tau_tunnels/tau_tunnel_ladder_uturn.dae" IsOccluder="true" />
        <Entry CastShadows="true" Collides="true" File="static_objects/_temp/marc/tau_tunnels/tau_tunnel_straight.dae" IsOccluder="true" />
        <Entry CastShadows="true" Collides="true" File="static_objects/_temp/marc/tau_tunnels/tau_tunnel_straight_extender.dae" IsOccluder="true" />
        <Entry CastShadows="true" Collides="true" File="static_objects/_temp/marc/tau_tunnels/tau_tunnel_straight_large_door.dae" IsOccluder="true" />
        <Entry CastShadows="true" Collides="true" File="static_objects/_temp/marc/tau_tunnels/tau_tunnel_straight_short.dae" IsOccluder="true" />
        <Entry CastShadows="true" Collides="true" File="static_objects/_temp/marc/tau_tunnels/tau_tunnel_wall.dae" IsOccluder="true" />
        <Entry CastShadows="true" Collides="true" File="static_objects/_temp/marc/tau_tunnels/tau_tunnel_wall_window.dae" IsOccluder="true" />
        <Entry CastShadows="true" Collides="true" File="static_objects/_temp/marc/temp.dae" IsOccluder="true" />
        <Entry CastShadows="true" Collides="true" File="static_objects/_temp/marc/test_glass.dae" IsOccluder="true" />
        <Entry CastShadows="true" Collides="true" File="static_objects/_temp/marc/train_cargo.dae" IsOccluder="true" />
        <Entry CastShadows="true" Collides="true" File="static_objects/_temp/marc/train_passenger.dae" IsOccluder="true" />
        <Entry CastShadows="true" Collides="true" File="static_objects/_temp/marc/train_test.dae" IsOccluder="true" />
        <Entry CastShadows="true" Collides="true" File="static_objects/_temp/marc/trainstation.dae" IsOccluder="true" />
        <Entry CastShadows="true" Collides="true" File="static_objects/_temp/marc/traintunnel.dae" IsOccluder="true" />
        <Entry CastShadows="true" Collides="true" File="static_objects/_temp/marc/traintunnel_door.dae" IsOccluder="true" />
        <Entry CastShadows="true" Collides="true" File="static_objects/_temp/marc/traintunnel_escape_door.dae" IsOccluder="true" />
        <Entry CastShadows="true" Collides="true" File="static_objects/_temp/marc/traintunnel_escape_ladderhole.dae" IsOccluder="true" />
        <Entry CastShadows="true" Collides="true" File="static_objects/_temp/marc/traintunnel_hole.dae" IsOccluder="true" />
        <Entry CastShadows="true" Collides="true" File="static_objects/_temp/marc/traintunnel_stair.dae" IsOccluder="true" />
        <Entry CastShadows="true" Collides="true" File="static_objects/_temp/marc/traintunnel_welder.dae" IsOccluder="true" />
        <Entry CastShadows="true" Collides="true" File="static_objects/_temp/marc/transport_station/train_cargo.dae" IsOccluder="true" />
        <Entry CastShadows="true" Collides="true" File="static_objects/_temp/marc/transport_station/train_passenger.dae" IsOccluder="true" />
        <Entry CastShadows="true" Collides="true" File="static_objects/_temp/marc/transport_station/transport_station.dae" IsOccluder="true" />
        <Entry CastShadows="true" Collides="true" File="static_objects/_temp/marc/waste_exhaust/waste_exhaust_large.dae" IsOccluder="true" />
        <Entry CastShadows="true" Collides="true" File="static_objects/_temp/marc/waste_exhaust/waste_exhaust_small.dae" IsOccluder="true" />
        <Entry CastShadows="true" Collides="true" File="static_objects/_temp/marcus/01_01_observation_tunnel.dae" IsOccluder="true" />
        <Entry CastShadows="true" Collides="true" File="static_objects/_temp/marcus/01_01_observation_tunnel_room.dae" IsOccluder="true" />
        <Entry CastShadows="true" Collides="true" File="static_objects/_temp/marcus/02_05_theta_robot.dae" IsOccluder="true" />
        <Entry CastShadows="true" Collides="true" File="static_objects/_temp/marcus/03_03_elevator.dae" IsOccluder="true" />
        <Entry CastShadows="true" Collides="true" File="static_objects/_temp/marcus/03_03_elevator_panel_ceiling.dae" IsOccluder="true" />
        <Entry CastShadows="true" Collides="true" File="static_objects/_temp/marcus/03_03_elevator_tech_parts.dae" IsOccluder="true" />
        <Entry CastShadows="true" Collides="true" File="static_objects/_temp/marcus/_ceiling_crane.dae" IsOccluder="true" />
        <Entry CastShadows="true" Collides="true" File="static_objects/_temp/marcus/_temp_cable.dae" IsOccluder="true" />
        <Entry CastShadows="true" Collides="true" File="static_objects/_temp/marcus/_temp_david.dae" IsOccluder="true" />
        <Entry CastShadows="true" Collides="true" File="static_objects/_temp/marcus/ab/bench.dae" IsOccluder="true" />
        <Entry CastShadows="true" Collides="true" File="static_objects/_temp/marcus/ab/catherine.dae" IsOccluder="true" />
        <Entry CastShadows="true" Collides="true" File="static_objects/_temp/marcus/export_test.dae" IsOccluder="true" />
        <Entry CastShadows="true" Collides="true" File="static_objects/_temp/marcus/professor.dae" IsOccluder="true" />
        <Entry CastShadows="true" Collides="true" File="static_objects/_temp/normal_plane.dae" IsOccluder="true" />
        <Entry CastShadows="true" Collides="true" File="static_objects/_temp/pinball.dae" IsOccluder="true" />
        <Entry CastShadows="true" Collides="true" File="static_objects/_temp/professor.dae" IsOccluder="true" />
        <Entry CastShadows="true" Collides="true" File="static_objects/_temp/receptionist.dae" IsOccluder="true" />
        <Entry CastShadows="true" Collides="true" File="static_objects/_temp/relaystation_air_system.dae" IsOccluder="true" />
        <Entry CastShadows="true" Collides="true" File="static_objects/_temp/relaystation_antenna.dae" IsOccluder="true" />
        <Entry CastShadows="true" Collides="true" File="static_objects/_temp/relaystation_cables.dae" IsOccluder="true" />
        <Entry CastShadows="true" Collides="true" File="static_objects/_temp/relaystation_computer.dae" IsOccluder="true" />
        <Entry CastShadows="true" Collides="true" File="static_objects/_temp/relaystationtemp.dae" IsOccluder="true" />
        <Entry CastShadows="true" Collides="true" File="static_objects/_temp/robot_walls.dae" IsOccluder="true" />
        <Entry CastShadows="true" Collides="true" File="static_objects/_temp/rock_rounded_large01.dae" IsOccluder="true" />
        <Entry CastShadows="true" Collides="true" File="static_objects/_temp/rock_rounded_medium01.dae" IsOccluder="true" />
        <Entry CastShadows="true" Collides="true" File="static_objects/_temp/rock_rounded_small01.dae" IsOccluder="true" />
        <Entry CastShadows="true" Collides="true" File="static_objects/_temp/rock_rounded_small02.dae" IsOccluder="true" />
        <Entry CastShadows="true" Collides="true" File="static_objects/_temp/rockwalltest.dae" IsOccluder="true" />
        <Entry CastShadows="true" Collides="true" File="static_objects/_temp/sebastian/panel_set/Panel_set_flat.dae" IsOccluder="true" />
        <Entry CastShadows="true" Collides="true" File="static_objects/_temp/sebastian/panel_set/Panel_set_flat_short.dae" IsOccluder="true" />
        <Entry CastShadows="true" Collides="true" File="static_objects/_temp/sebastian/panel_set/panel_set_ceiling.dae" IsOccluder="true" />
        <Entry CastShadows="true" Collides="true" File="static_objects/_temp/sebastian/panel_set/panel_set_concave.dae" IsOccluder="true" />
        <Entry CastShadows="true" Collides="true" File="static_objects/_temp/sebastian/panel_set/panel_set_convex.dae" IsOccluder="true" />
        <Entry CastShadows="true" Collides="true" File="static_objects/_temp/sebastian/panel_set/panel_set_flat_doorway.dae" IsOccluder="true" />
        <Entry CastShadows="true" Collides="true" File="static_objects/_temp/sebastian/panel_set/panel_set_floor.dae" IsOccluder="true" />
        <Entry CastShadows="true" Collides="true" File="static_objects/_temp/sebastian/seb_floor_plane_water.dae" IsOccluder="true" />
        <Entry CastShadows="true" Collides="true" File="static_objects/_temp/sebastian/seb_floor_plane_wood.dae" IsOccluder="true" />
        <Entry CastShadows="true" Collides="true" File="static_objects/_temp/sebastian/seb_sphere/seb_sphere_cubemap_test.dae" IsOccluder="true" />
        <Entry CastShadows="true" Collides="true" File="static_objects/_temp/sebastian/seb_sphere/seb_sphere_trans_cubemap_test.dae" IsOccluder="true" />
        <Entry CastShadows="true" Collides="true" File="static_objects/_temp/sebastian/server_temp.dae" IsOccluder="true" />
        <Entry CastShadows="true" Collides="true" File="static_objects/_temp/shark.dae" IsOccluder="true" />
        <Entry CastShadows="true" Collides="true" File="static_objects/_temp/skyrail_soma_placeholder.dae" IsOccluder="true" />
        <Entry CastShadows="true" Collides="true" File="static_objects/_temp/station_battery_charge.dae" IsOccluder="true" />
        <Entry CastShadows="true" Collides="true" File="static_objects/_temp/station_plateau_temp.dae" IsOccluder="true" />
        <Entry CastShadows="true" Collides="true" File="static_objects/_temp/station_small_large.dae" IsOccluder="true" />
        <Entry CastShadows="true" Collides="true" File="static_objects/_temp/station_small_temp.dae" IsOccluder="true" />
        <Entry CastShadows="true" Collides="true" File="static_objects/_temp/subway_girl_size_test.dae" IsOccluder="true" />
        <Entry CastShadows="true" Collides="true" File="static_objects/_temp/subway_sizetest.dae" IsOccluder="true" />
        <Entry CastShadows="true" Collides="true" File="static_objects/_temp/temp_decals/paper_pile.dae" IsOccluder="true" />
        <Entry CastShadows="true" Collides="true" File="static_objects/_temp/temp_decals/paper_pile02.dae" IsOccluder="true" />
        <Entry CastShadows="true" Collides="true" File="static_objects/_temp/temp_reactor.dae" IsOccluder="true" />
        <Entry CastShadows="true" Collides="true" File="static_objects/_temp/tempdome.dae" IsOccluder="true" />
        <Entry CastShadows="true" Collides="true" File="static_objects/_temp/tower_signal.dae" IsOccluder="true" />
        <Entry CastShadows="true" Collides="true" File="static_objects/_temp/unirock.dae" IsOccluder="true" />
        <Entry CastShadows="true" Collides="true" File="static_objects/decals/dirt/dustcoat_algae_brown.dae" IsOccluder="true" />
        <Entry CastShadows="true" Collides="true" File="static_objects/decals/dirt/dustcoat_algae_darkgreen.dae" IsOccluder="true" />
        <Entry CastShadows="true" Collides="true" File="static_objects/decals/dirt/dustcoat_algae_green.dae" IsOccluder="true" />
        <Entry CastShadows="true" Collides="true" File="static_objects/decals/dirt/dustcoat_algae_lightbrown.dae" IsOccluder="true" />
        <Entry CastShadows="true" Collides="true" File="static_objects/decals/liquid/oil/oil_pool01.dae" IsOccluder="true" />
        <Entry CastShadows="false" Collides="false" File="static_objects/decals/organic/barnacle/barnacle01.dae" IsOccluder="false" />
        <Entry CastShadows="false" Collides="false" File="static_objects/decals/organic/barnacle/barnacle02.dae" IsOccluder="false" />
        <Entry CastShadows="false" Collides="false" File="static_objects/decals/organic/barnacle/barnacle03.dae" IsOccluder="false" />
        <Entry CastShadows="false" Collides="false" File="static_objects/decals/organic/barnacle/barnacle04.dae" IsOccluder="false" />
        <Entry CastShadows="true" Collides="true" File="static_objects/decals/organic/barnacle/barnacles01.dae" IsOccluder="true" />
        <Entry CastShadows="true" Collides="true" File="static_objects/decals/organic/barnacle/barnacles02.dae" IsOccluder="true" />
        <Entry CastShadows="true" Collides="true" File="static_objects/decals/organic/barnacle/barnacles03.dae" IsOccluder="true" />
        <Entry CastShadows="true" Collides="true" File="static_objects/decals/organic/barnacle/barnacles_corner01.dae" IsOccluder="true" />
        <Entry CastShadows="true" Collides="true" File="static_objects/decals/organic/barnacle/barnacles_edge01.dae" IsOccluder="true" />
        <Entry CastShadows="true" Collides="true" File="static_objects/decals/organic/barnacle/barnacles_edge02.dae" IsOccluder="true" />
        <Entry CastShadows="true" Collides="true" File="static_objects/decals/organic/barnacle/barnacles_edge03.dae" IsOccluder="true" />
        <Entry CastShadows="false" Collides="false" File="static_objects/decals/organic/barnacle/barnacles_flat01.dae" IsOccluder="false" />
        <Entry CastShadows="false" Collides="false" File="static_objects/decals/organic/barnacle/barnacles_flat02.dae" IsOccluder="false" />
        <Entry CastShadows="false" Collides="false" File="static_objects/decals/organic/barnacle/barnacles_flat03.dae" IsOccluder="false" />
        <Entry CastShadows="false" Collides="false" File="static_objects/decals/organic/barnacle/barnacles_flat04.dae" IsOccluder="false" />
        <Entry CastShadows="false" Collides="false" File="static_objects/decals/organic/barnacles_moss/barnacles_moss01.dae" IsOccluder="false" />
        <Entry CastShadows="false" Collides="false" File="static_objects/decals/organic/barnacles_moss/barnacles_moss02.dae" IsOccluder="false" />
        <Entry CastShadows="true" Collides="false" File="static_objects/decals/organic/moss_green/moss_green_hanging.dae" IsOccluder="false" />
        <Entry CastShadows="true" Collides="true" File="static_objects/decals/organic/moss_green/moss_green_shunk_large.dae" IsOccluder="true" />
        <Entry CastShadows="true" Collides="true" File="static_objects/decals/organic/moss_green/moss_green_wall01.dae" IsOccluder="false" />
        <Entry CastShadows="true" Collides="true" File="static_objects/decals/organic/moss_green/moss_green_wall02.dae" IsOccluder="false" />
        <Entry CastShadows="false" Collides="true" File="static_objects/decals/organic/scallop/scallop01.dae" IsOccluder="false" />
        <Entry CastShadows="false" Collides="true" File="static_objects/decals/organic/scallop/scallop02.dae" IsOccluder="false" />
        <Entry CastShadows="true" Collides="true" File="static_objects/environment/rock_forest/rock_forest_backdrop.DAE" IsOccluder="true" />
        <Entry CastShadows="true" Collides="true" File="static_objects/environment/rock_forest/rock_forest_caveroom.DAE" IsOccluder="true" />
        <Entry CastShadows="true" Collides="true" File="static_objects/environment/rock_forest/rock_forest_caveroom02.DAE" IsOccluder="true" />
        <Entry CastShadows="true" Collides="true" File="static_objects/environment/rock_forest/rock_forest_cavetunnel_module.DAE" IsOccluder="true" />
        <Entry CastShadows="true" Collides="true" File="static_objects/environment/rock_forest/rock_forest_jagged.DAE" IsOccluder="true" />
        <Entry CastShadows="true" Collides="true" File="static_objects/environment/rock_forest/rock_forest_jagged_small.DAE" IsOccluder="true" />
        <Entry CastShadows="true" Collides="true" File="static_objects/environment/rock_forest/rock_forest_large.DAE" IsOccluder="true" />
        <Entry CastShadows="true" Collides="true" File="static_objects/environment/rock_forest/rock_forest_module_huge.DAE" IsOccluder="true" />
        <Entry CastShadows="true" Collides="true" File="static_objects/environment/rock_forest/rock_forest_round.DAE" IsOccluder="true" />
        <Entry CastShadows="true" Collides="true" File="static_objects/environment/rock_forest/rock_forest_square.DAE" IsOccluder="true" />
        <Entry CastShadows="true" Collides="true" File="static_objects/environment/rock_forest/rock_forest_stalgamite01.DAE" IsOccluder="true" />
        <Entry CastShadows="true" Collides="true" File="static_objects/environment/rock_forest/rock_forest_stalgamite02.DAE" IsOccluder="true" />
        <Entry CastShadows="true" Collides="true" File="static_objects/environment/rock_forest/rock_forest_stalgamite03.DAE" IsOccluder="true" />
        <Entry CastShadows="true" Collides="true" File="static_objects/environment/rock_forest/rock_forest_stalgamite04.DAE" IsOccluder="true" />
        <Entry CastShadows="true" Collides="true" File="static_objects/environment/rock_forest/rock_forest_stalgamite05.DAE" IsOccluder="true" />
        <Entry CastShadows="true" Collides="true" File="static_objects/environment/rock_forest/rock_forest_stalgamite06.DAE" IsOccluder="true" />
        <Entry CastShadows="true" Collides="true" File="static_objects/environment/rock_forest/rock_forest_stalgamite07.DAE" IsOccluder="true" />
        <Entry CastShadows="true" Collides="true" File="static_objects/environment/rock_forest/rock_forest_stalgamite08.DAE" IsOccluder="true" />
        <Entry CastShadows="true" Collides="true" File="static_objects/environment/rock_forest/rock_forest_stalgamite_small.DAE" IsOccluder="true" />
        <Entry CastShadows="true" Collides="true" File="static_objects/environment/rocks/antenna_hatch_special.dae" IsOccluder="true" />
        <Entry CastShadows="true" Collides="true" File="static_objects/environment/rocks/arch_broken.dae" IsOccluder="true" />
        <Entry CastShadows="true" Collides="true" File="static_objects/environment/rocks/arch_full.dae" IsOccluder="true" />
        <Entry CastShadows="true" Collides="true" File="static_objects/environment/rocks/arch_half.dae" IsOccluder="true" />
        <Entry CastShadows="true" Collides="true" File="static_objects/environment/rocks/halfsize_wall_end_left.dae" IsOccluder="true" />
        <Entry CastShadows="true" Collides="true" File="static_objects/environment/rocks/halfsize_wall_end_right.dae" IsOccluder="true" />
        <Entry CastShadows="true" Collides="true" File="static_objects/environment/rocks/halfsize_wall_flat.dae" IsOccluder="true" />
        <Entry CastShadows="true" Collides="true" File="static_objects/environment/rocks/halfsize_wall_flat_to_turn_concave_left.dae" IsOccluder="true" />
        <Entry CastShadows="true" Collides="true" File="static_objects/environment/rocks/halfsize_wall_flat_to_turn_concave_right.dae" IsOccluder="true" />
        <Entry CastShadows="true" Collides="true" File="static_objects/environment/rocks/halfsize_wall_flat_to_turn_convex_left.dae" IsOccluder="true" />
        <Entry CastShadows="true" Collides="true" File="static_objects/environment/rocks/halfsize_wall_flat_to_turn_convex_right.dae" IsOccluder="true" />
        <Entry CastShadows="true" Collides="true" File="static_objects/environment/rocks/halfsize_wall_slope.dae" IsOccluder="true" />
        <Entry CastShadows="true" Collides="true" File="static_objects/environment/rocks/halfsize_wall_turn_concave_large.dae" IsOccluder="true" />
        <Entry CastShadows="true" Collides="true" File="static_objects/environment/rocks/halfsize_wall_turn_concave_small01.dae" IsOccluder="true" />
        <Entry CastShadows="true" Collides="true" File="static_objects/environment/rocks/halfsize_wall_turn_concave_small02.dae" IsOccluder="true" />
        <Entry CastShadows="true" Collides="true" File="static_objects/environment/rocks/halfsize_wall_turn_convex_large.dae" IsOccluder="true" />
        <Entry CastShadows="true" Collides="true" File="static_objects/environment/rocks/halfsize_wall_turn_convex_small01.dae" IsOccluder="true" />
        <Entry CastShadows="true" Collides="true" File="static_objects/environment/rocks/halfsize_wall_turn_convex_small02.dae" IsOccluder="true" />
        <Entry CastShadows="true" Collides="true" File="static_objects/environment/rocks/halfsize_wall_u_turn_concave.dae" IsOccluder="true" />
        <Entry CastShadows="true" Collides="true" File="static_objects/environment/rocks/halfsize_wall_u_turn_convex.dae" IsOccluder="true" />
        <Entry CastShadows="true" Collides="true" File="static_objects/environment/rocks/lavapillar01.dae" IsOccluder="true" />
        <Entry CastShadows="true" Collides="true" File="static_objects/environment/rocks/lavapillar02.dae" IsOccluder="true" />
        <Entry CastShadows="true" Collides="true" File="static_objects/environment/rocks/lavapillar03.dae" IsOccluder="true" />
        <Entry CastShadows="true" Collides="true" File="static_objects/environment/rocks/ridge_reef01.dae" IsOccluder="true" />
        <Entry CastShadows="true" Collides="true" File="static_objects/environment/rocks/ridge_reef02.dae" IsOccluder="true" />
        <Entry CastShadows="true" Collides="true" File="static_objects/environment/rocks/ridge_reef03.dae" IsOccluder="true" />
        <Entry CastShadows="true" Collides="true" File="static_objects/environment/rocks/ridge_reef04.dae" IsOccluder="true" />
        <Entry CastShadows="true" Collides="true" File="static_objects/environment/rocks/ridge_reef05.dae" IsOccluder="true" />
        <Entry CastShadows="true" Collides="true" File="static_objects/environment/rocks/rock_bend.dae" IsOccluder="true" />
        <Entry CastShadows="true" Collides="true" File="static_objects/environment/rocks/rock_pile01.dae" IsOccluder="true" />
        <Entry CastShadows="true" Collides="true" File="static_objects/environment/rocks/rock_pile01_detailed.dae" IsOccluder="true" />
        <Entry CastShadows="true" Collides="true" File="static_objects/environment/rocks/rock_rounded_large01.dae" IsOccluder="true" />
        <Entry CastShadows="true" Collides="true" File="static_objects/environment/rocks/rock_rounded_small01.dae" IsOccluder="true" />
        <Entry CastShadows="true" Collides="true" File="static_objects/environment/rocks/rock_rounded_small01_detailed.dae" IsOccluder="true" />
        <Entry CastShadows="true" Collides="true" File="static_objects/environment/rocks/rock_rounded_small02.dae" IsOccluder="true" />
        <Entry CastShadows="true" Collides="true" File="static_objects/environment/rocks/rock_rounded_small03.dae" IsOccluder="true" />
        <Entry CastShadows="true" Collides="true" File="static_objects/environment/rocks/rocks_abyss/arch_broken.dae" IsOccluder="true" />
        <Entry CastShadows="true" Collides="true" File="static_objects/environment/rocks/rocks_abyss/arch_full.dae" IsOccluder="true" />
        <Entry CastShadows="true" Collides="true" File="static_objects/environment/rocks/rocks_abyss/arch_half.dae" IsOccluder="true" />
        <Entry CastShadows="true" Collides="true" File="static_objects/environment/rocks/rocks_abyss/halfsize_wall_end_left.dae" IsOccluder="true" />
        <Entry CastShadows="true" Collides="true" File="static_objects/environment/rocks/rocks_abyss/halfsize_wall_end_right.dae" IsOccluder="true" />
        <Entry CastShadows="true" Collides="true" File="static_objects/environment/rocks/rocks_abyss/halfsize_wall_flat.dae" IsOccluder="true" />
        <Entry CastShadows="true" Collides="true" File="static_objects/environment/rocks/rocks_abyss/halfsize_wall_flat_to_turn_concave_left.dae" IsOccluder="true" />
        <Entry CastShadows="true" Collides="true" File="static_objects/environment/rocks/rocks_abyss/halfsize_wall_flat_to_turn_concave_right.dae" IsOccluder="true" />
        <Entry CastShadows="true" Collides="true" File="static_objects/environment/rocks/rocks_abyss/halfsize_wall_flat_to_turn_convex_left.dae" IsOccluder="true" />
        <Entry CastShadows="true" Collides="true" File="static_objects/environment/rocks/rocks_abyss/halfsize_wall_flat_to_turn_convex_right.dae" IsOccluder="true" />
        <Entry CastShadows="true" Collides="true" File="static_objects/environment/rocks/rocks_abyss/halfsize_wall_slope.dae" IsOccluder="true" />
        <Entry CastShadows="true" Collides="true" File="static_objects/environment/rocks/rocks_abyss/halfsize_wall_turn_concave_large.dae" IsOccluder="true" />
        <Entry CastShadows="true" Collides="true" File="static_objects/environment/rocks/rocks_abyss/halfsize_wall_turn_concave_small01.dae" IsOccluder="true" />
        <Entry CastShadows="true" Collides="true" File="static_objects/environment/rocks/rocks_abyss/halfsize_wall_turn_concave_small02.dae" IsOccluder="true" />
        <Entry CastShadows="true" Collides="true" File="static_objects/environment/rocks/rocks_abyss/halfsize_wall_turn_convex_large.dae" IsOccluder="true" />
        <Entry CastShadows="true" Collides="true" File="static_objects/environment/rocks/rocks_abyss/halfsize_wall_turn_convex_small01.dae" IsOccluder="true" />
        <Entry CastShadows="true" Collides="true" File="static_objects/environment/rocks/rocks_abyss/halfsize_wall_turn_convex_small02.dae" IsOccluder="true" />
        <Entry CastShadows="true" Collides="true" File="static_objects/environment/rocks/rocks_abyss/halfsize_wall_u_turn_concave.dae" IsOccluder="true" />
        <Entry CastShadows="true" Collides="true" File="static_objects/environment/rocks/rocks_abyss/halfsize_wall_u_turn_convex.dae" IsOccluder="true" />
        <Entry CastShadows="true" Collides="true" File="static_objects/environment/rocks/rocks_abyss/lavapillar01.dae" IsOccluder="true" />
        <Entry CastShadows="true" Collides="true" File="static_objects/environment/rocks/rocks_abyss/lavapillar02.dae" IsOccluder="true" />
        <Entry CastShadows="true" Collides="true" File="static_objects/environment/rocks/rocks_abyss/lavapillar03.dae" IsOccluder="true" />
        <Entry CastShadows="true" Collides="true" File="static_objects/environment/rocks/rocks_abyss/ridge_reef01.dae" IsOccluder="true" />
        <Entry CastShadows="true" Collides="true" File="static_objects/environment/rocks/rocks_abyss/ridge_reef02.dae" IsOccluder="true" />
        <Entry CastShadows="true" Collides="true" File="static_objects/environment/rocks/rocks_abyss/ridge_reef03.dae" IsOccluder="true" />
        <Entry CastShadows="true" Collides="true" File="static_objects/environment/rocks/rocks_abyss/ridge_reef04.dae" IsOccluder="true" />
        <Entry CastShadows="true" Collides="true" File="static_objects/environment/rocks/rocks_abyss/ridge_reef05.dae" IsOccluder="true" />
        <Entry CastShadows="true" Collides="true" File="static_objects/environment/rocks/rocks_abyss/rock_bend.dae" IsOccluder="true" />
        <Entry CastShadows="true" Collides="true" File="static_objects/environment/rocks/rocks_abyss/rock_pile01.dae" IsOccluder="true" />
        <Entry CastShadows="true" Collides="true" File="static_objects/environment/rocks/rocks_abyss/rock_rounded_large01.dae" IsOccluder="true" />
        <Entry CastShadows="true" Collides="true" File="static_objects/environment/rocks/rocks_abyss/rock_rounded_small01.dae" IsOccluder="true" />
        <Entry CastShadows="true" Collides="true" File="static_objects/environment/rocks/rocks_abyss/rock_rounded_small02.dae" IsOccluder="true" />
        <Entry CastShadows="true" Collides="true" File="static_objects/environment/rocks/rocks_abyss/rock_rounded_small03.dae" IsOccluder="true" />
        <Entry CastShadows="true" Collides="true" File="static_objects/environment/rocks/rocks_abyss/wall_end_left.dae" IsOccluder="true" />
        <Entry CastShadows="true" Collides="true" File="static_objects/environment/rocks/rocks_abyss/wall_end_right.dae" IsOccluder="true" />
        <Entry CastShadows="true" Collides="true" File="static_objects/environment/rocks/rocks_abyss/wall_flat.dae" IsOccluder="true" />
        <Entry CastShadows="true" Collides="true" File="static_objects/environment/rocks/rocks_abyss/wall_flat_to_turn_concave_left.dae" IsOccluder="true" />
        <Entry CastShadows="true" Collides="true" File="static_objects/environment/rocks/rocks_abyss/wall_flat_to_turn_concave_right.dae" IsOccluder="true" />
        <Entry CastShadows="true" Collides="true" File="static_objects/environment/rocks/rocks_abyss/wall_flat_to_turn_convex_left.dae" IsOccluder="true" />
        <Entry CastShadows="true" Collides="true" File="static_objects/environment/rocks/rocks_abyss/wall_flat_to_turn_convex_right.dae" IsOccluder="true" />
        <Entry CastShadows="true" Collides="true" File="static_objects/environment/rocks/rocks_abyss/wall_ridge.dae" IsOccluder="true" />
        <Entry CastShadows="true" Collides="true" File="static_objects/environment/rocks/rocks_abyss/wall_slope.dae" IsOccluder="true" />
        <Entry CastShadows="true" Collides="true" File="static_objects/environment/rocks/rocks_abyss/wall_turn_concave_large.dae" IsOccluder="true" />
        <Entry CastShadows="true" Collides="true" File="static_objects/environment/rocks/rocks_abyss/wall_turn_concave_small01.dae" IsOccluder="true" />
        <Entry CastShadows="true" Collides="true" File="static_objects/environment/rocks/rocks_abyss/wall_turn_concave_small02.dae" IsOccluder="true" />
        <Entry CastShadows="true" Collides="true" File="static_objects/environment/rocks/rocks_abyss/wall_turn_convex_large.dae" IsOccluder="true" />
        <Entry CastShadows="true" Collides="true" File="static_objects/environment/rocks/rocks_abyss/wall_turn_convex_small01.dae" IsOccluder="true" />
        <Entry CastShadows="true" Collides="true" File="static_objects/environment/rocks/rocks_abyss/wall_turn_convex_small02.dae" IsOccluder="true" />
        <Entry CastShadows="true" Collides="true" File="static_objects/environment/rocks/rocks_abyss/wall_u_turn_concave.dae" IsOccluder="true" />
        <Entry CastShadows="true" Collides="true" File="static_objects/environment/rocks/rocks_abyss/wall_u_turn_convex.dae" IsOccluder="true" />
        <Entry CastShadows="true" Collides="true" File="static_objects/environment/rocks/wall_end_left.dae" IsOccluder="true" />
        <Entry CastShadows="true" Collides="true" File="static_objects/environment/rocks/wall_end_right.dae" IsOccluder="true" />
        <Entry CastShadows="true" Collides="true" File="static_objects/environment/rocks/wall_flat.dae" IsOccluder="true" />
        <Entry CastShadows="true" Collides="true" File="static_objects/environment/rocks/wall_flat_to_turn_concave_left.dae" IsOccluder="true" />
        <Entry CastShadows="true" Collides="true" File="static_objects/environment/rocks/wall_flat_to_turn_concave_right.dae" IsOccluder="true" />
        <Entry CastShadows="true" Collides="true" File="static_objects/environment/rocks/wall_flat_to_turn_convex_left.dae" IsOccluder="true" />
        <Entry CastShadows="true" Collides="true" File="static_objects/environment/rocks/wall_flat_to_turn_convex_right.dae" IsOccluder="true" />
        <Entry CastShadows="true" Collides="true" File="static_objects/environment/rocks/wall_ridge.dae" IsOccluder="true" />
        <Entry CastShadows="true" Collides="true" File="static_objects/environment/rocks/wall_slope.dae" IsOccluder="true" />
        <Entry CastShadows="true" Collides="true" File="static_objects/environment/rocks/wall_turn_concave_large.dae" IsOccluder="true" />
        <Entry CastShadows="true" Collides="true" File="static_objects/environment/rocks/wall_turn_concave_small01.dae" IsOccluder="true" />
        <Entry CastShadows="true" Collides="true" File="static_objects/environment/rocks/wall_turn_concave_small02.dae" IsOccluder="true" />
        <Entry CastShadows="true" Collides="true" File="static_objects/environment/rocks/wall_turn_convex_large.dae" IsOccluder="true" />
        <Entry CastShadows="true" Collides="true" File="static_objects/environment/rocks/wall_turn_convex_small01.dae" IsOccluder="true" />
        <Entry CastShadows="true" Collides="true" File="static_objects/environment/rocks/wall_turn_convex_small02.dae" IsOccluder="true" />
        <Entry CastShadows="true" Collides="true" File="static_objects/environment/rocks/wall_u_turn_concave.dae" IsOccluder="true" />
        <Entry CastShadows="true" Collides="true" File="static_objects/environment/rocks/wall_u_turn_convex.dae" IsOccluder="true" />
        <Entry CastShadows="true" Collides="true" File="static_objects/environment/rocks_abyss/arch_broken.dae" IsOccluder="true" />
        <Entry CastShadows="true" Collides="true" File="static_objects/environment/rocks_abyss/arch_full.dae" IsOccluder="true" />
        <Entry CastShadows="true" Collides="true" File="static_objects/environment/rocks_abyss/arch_half.dae" IsOccluder="true" />
        <Entry CastShadows="true" Collides="true" File="static_objects/environment/rocks_abyss/halfsize_wall_end_left.dae" IsOccluder="true" />
        <Entry CastShadows="true" Collides="true" File="static_objects/environment/rocks_abyss/halfsize_wall_end_right.dae" IsOccluder="true" />
        <Entry CastShadows="true" Collides="true" File="static_objects/environment/rocks_abyss/halfsize_wall_flat.dae" IsOccluder="true" />
        <Entry CastShadows="true" Collides="true" File="static_objects/environment/rocks_abyss/halfsize_wall_flat_to_turn_concave_left.dae" IsOccluder="true" />
        <Entry CastShadows="true" Collides="true" File="static_objects/environment/rocks_abyss/halfsize_wall_flat_to_turn_concave_right.dae" IsOccluder="true" />
        <Entry CastShadows="true" Collides="true" File="static_objects/environment/rocks_abyss/halfsize_wall_flat_to_turn_convex_left.dae" IsOccluder="true" />
        <Entry CastShadows="true" Collides="true" File="static_objects/environment/rocks_abyss/halfsize_wall_flat_to_turn_convex_right.dae" IsOccluder="true" />
        <Entry CastShadows="true" Collides="true" File="static_objects/environment/rocks_abyss/halfsize_wall_slope.dae" IsOccluder="true" />
        <Entry CastShadows="true" Collides="true" File="static_objects/environment/rocks_abyss/halfsize_wall_turn_concave_large.dae" IsOccluder="true" />
        <Entry CastShadows="true" Collides="true" File="static_objects/environment/rocks_abyss/halfsize_wall_turn_concave_small01.dae" IsOccluder="true" />
        <Entry CastShadows="true" Collides="true" File="static_objects/environment/rocks_abyss/halfsize_wall_turn_concave_small02.dae" IsOccluder="true" />
        <Entry CastShadows="true" Collides="true" File="static_objects/environment/rocks_abyss/halfsize_wall_turn_convex_large.dae" IsOccluder="true" />
        <Entry CastShadows="true" Collides="true" File="static_objects/environment/rocks_abyss/halfsize_wall_turn_convex_small01.dae" IsOccluder="true" />
        <Entry CastShadows="true" Collides="true" File="static_objects/environment/rocks_abyss/halfsize_wall_turn_convex_small02.dae" IsOccluder="true" />
        <Entry CastShadows="true" Collides="true" File="static_objects/environment/rocks_abyss/halfsize_wall_u_turn_concave.dae" IsOccluder="true" />
        <Entry CastShadows="true" Collides="true" File="static_objects/environment/rocks_abyss/halfsize_wall_u_turn_convex.dae" IsOccluder="true" />
        <Entry CastShadows="true" Collides="true" File="static_objects/environment/rocks_abyss/jagged_large01.dae" IsOccluder="true" />
        <Entry CastShadows="true" Collides="true" File="static_objects/environment/rocks_abyss/lavapillar01.dae" IsOccluder="true" />
        <Entry CastShadows="true" Collides="true" File="static_objects/environment/rocks_abyss/lavapillar02.dae" IsOccluder="true" />
        <Entry CastShadows="true" Collides="true" File="static_objects/environment/rocks_abyss/lavapillar03.dae" IsOccluder="true" />
        <Entry CastShadows="true" Collides="true" File="static_objects/environment/rocks_abyss/ridge_reef01.dae" IsOccluder="true" />
        <Entry CastShadows="true" Collides="true" File="static_objects/environment/rocks_abyss/ridge_reef02.dae" IsOccluder="true" />
        <Entry CastShadows="true" Collides="true" File="static_objects/environment/rocks_abyss/ridge_reef03.dae" IsOccluder="true" />
        <Entry CastShadows="true" Collides="true" File="static_objects/environment/rocks_abyss/ridge_reef04.dae" IsOccluder="true" />
        <Entry CastShadows="true" Collides="true" File="static_objects/environment/rocks_abyss/ridge_reef05.dae" IsOccluder="true" />
        <Entry CastShadows="true" Collides="true" File="static_objects/environment/rocks_abyss/rock_bend.dae" IsOccluder="true" />
        <Entry CastShadows="true" Collides="true" File="static_objects/environment/rocks_abyss/rock_jagged_large.dae" IsOccluder="true" />
        <Entry CastShadows="true" Collides="true" File="static_objects/environment/rocks_abyss/rock_jagged_medium.dae" IsOccluder="true" />
        <Entry CastShadows="true" Collides="true" File="static_objects/environment/rocks_abyss/rock_jagged_small.dae" IsOccluder="true" />
        <Entry CastShadows="true" Collides="true" File="static_objects/environment/rocks_abyss/rock_pile01.dae" IsOccluder="false" />
        <Entry CastShadows="true" Collides="true" File="static_objects/environment/rocks_abyss/rock_rounded_large01.dae" IsOccluder="true" />
        <Entry CastShadows="true" Collides="false" File="static_objects/environment/rocks_abyss/rock_rounded_small01.dae" IsOccluder="true" />
        <Entry CastShadows="true" Collides="false" File="static_objects/environment/rocks_abyss/rock_rounded_small02.dae" IsOccluder="true" />
        <Entry CastShadows="true" Collides="false" File="static_objects/environment/rocks_abyss/rock_rounded_small03.dae" IsOccluder="true" />
        <Entry CastShadows="true" Collides="true" File="static_objects/environment/rocks_abyss/wall_end_left.dae" IsOccluder="true" />
        <Entry CastShadows="true" Collides="true" File="static_objects/environment/rocks_abyss/wall_end_right.dae" IsOccluder="true" />
        <Entry CastShadows="true" Collides="true" File="static_objects/environment/rocks_abyss/wall_flat.dae" IsOccluder="true" />
        <Entry CastShadows="true" Collides="true" File="static_objects/environment/rocks_abyss/wall_flat_to_turn_concave_left.dae" IsOccluder="true" />
        <Entry CastShadows="true" Collides="true" File="static_objects/environment/rocks_abyss/wall_flat_to_turn_concave_right.dae" IsOccluder="true" />
        <Entry CastShadows="true" Collides="true" File="static_objects/environment/rocks_abyss/wall_flat_to_turn_convex_left.dae" IsOccluder="true" />
        <Entry CastShadows="true" Collides="true" File="static_objects/environment/rocks_abyss/wall_flat_to_turn_convex_right.dae" IsOccluder="true" />
        <Entry CastShadows="true" Collides="true" File="static_objects/environment/rocks_abyss/wall_ridge.dae" IsOccluder="true" />
        <Entry CastShadows="true" Collides="true" File="static_objects/environment/rocks_abyss/wall_slope.dae" IsOccluder="true" />
        <Entry CastShadows="true" Collides="true" File="static_objects/environment/rocks_abyss/wall_turn_concave_large.dae" IsOccluder="true" />
        <Entry CastShadows="true" Collides="true" File="static_objects/environment/rocks_abyss/wall_turn_concave_small01.dae" IsOccluder="true" />
        <Entry CastShadows="true" Collides="true" File="static_objects/environment/rocks_abyss/wall_turn_concave_small02.dae" IsOccluder="true" />
        <Entry CastShadows="true" Collides="true" File="static_objects/environment/rocks_abyss/wall_turn_convex_large.dae" IsOccluder="true" />
        <Entry CastShadows="true" Collides="true" File="static_objects/environment/rocks_abyss/wall_turn_convex_small01.dae" IsOccluder="true" />
        <Entry CastShadows="true" Collides="true" File="static_objects/environment/rocks_abyss/wall_turn_convex_small02.dae" IsOccluder="true" />
        <Entry CastShadows="true" Collides="true" File="static_objects/environment/rocks_abyss/wall_u_turn_concave.dae" IsOccluder="true" />
        <Entry CastShadows="true" Collides="true" File="static_objects/environment/rocks_abyss/wall_u_turn_convex.dae" IsOccluder="true" />
        <Entry CastShadows="true" Collides="true" File="static_objects/mscurie/mscurie.dae" IsOccluder="true" />
        <Entry CastShadows="true" Collides="true" File="static_objects/mscurie/mscurie_midsection.dae" IsOccluder="true" />
        <Entry CastShadows="true" Collides="true" File="static_objects/oceanbottom/building/battery_station_platform.dae" IsOccluder="true" />
        <Entry CastShadows="true" Collides="true" File="static_objects/oceanbottom/building/communication_dome/communication_dome.dae" IsOccluder="true" />
        <Entry CastShadows="true" Collides="true" File="static_objects/oceanbottom/building/communication_dome/communication_dome_inside_combined.dae" IsOccluder="true" />
        <Entry CastShadows="true" Collides="true" File="static_objects/oceanbottom/building/communication_dome/communication_dome_plates.dae" IsOccluder="true" />
        <Entry CastShadows="true" Collides="true" File="static_objects/oceanbottom/building/communication_dome/communication_dome_plates_insides_version.dae" IsOccluder="true" />
        <Entry CastShadows="true" Collides="true" File="static_objects/oceanbottom/building/deepsea_shelter_xx/05_01_gun_platform.dae" IsOccluder="true" />
        <Entry CastShadows="true" Collides="true" File="static_objects/oceanbottom/building/deepsea_shelter_xx/deepsea_shelter_animal_observatory.dae" IsOccluder="true" />
        <Entry CastShadows="true" Collides="true" File="static_objects/oceanbottom/building/deepsea_shelter_xx/deepsea_shelter_blacksmoker_plant.dae" IsOccluder="true" />
        <Entry CastShadows="true" Collides="true" File="static_objects/oceanbottom/building/deepsea_shelter_xx/deepsea_shelter_combined.DAE" IsOccluder="true" />
        <Entry CastShadows="true" Collides="true" File="static_objects/oceanbottom/building/deepsea_shelter_xx/deepsea_shelter_debris/deepsea_shelter_broken.dae" IsOccluder="true" />
        <Entry CastShadows="true" Collides="true" File="static_objects/oceanbottom/building/deepsea_shelter_xx/deepsea_shelter_debris/deepsea_shelter_debris_bar.dae" IsOccluder="true" />
        <Entry CastShadows="true" Collides="true" File="static_objects/oceanbottom/building/deepsea_shelter_xx/deepsea_shelter_debris/deepsea_shelter_debris_block_01.dae" IsOccluder="true" />
        <Entry CastShadows="true" Collides="true" File="static_objects/oceanbottom/building/deepsea_shelter_xx/deepsea_shelter_debris/deepsea_shelter_debris_block_02.dae" IsOccluder="true" />
        <Entry CastShadows="true" Collides="true" File="static_objects/oceanbottom/building/deepsea_shelter_xx/deepsea_shelter_debris/deepsea_shelter_debris_doorway.dae" IsOccluder="true" />
        <Entry CastShadows="true" Collides="true" File="static_objects/oceanbottom/building/deepsea_shelter_xx/deepsea_shelter_debris/deepsea_shelter_debris_foot.dae" IsOccluder="true" />
        <Entry CastShadows="true" Collides="true" File="static_objects/oceanbottom/building/deepsea_shelter_xx/deepsea_shelter_debris/deepsea_shelter_debris_girder_01.dae" IsOccluder="true" />
        <Entry CastShadows="true" Collides="true" File="static_objects/oceanbottom/building/deepsea_shelter_xx/deepsea_shelter_debris/deepsea_shelter_debris_girder_02.dae" IsOccluder="true" />
        <Entry CastShadows="true" Collides="true" File="static_objects/oceanbottom/building/deepsea_shelter_xx/deepsea_shelter_debris/deepsea_shelter_debris_girder_03.dae" IsOccluder="true" />
        <Entry CastShadows="true" Collides="true" File="static_objects/oceanbottom/building/deepsea_shelter_xx/deepsea_shelter_debris/deepsea_shelter_debris_plate_01.dae" IsOccluder="true" />
        <Entry CastShadows="true" Collides="true" File="static_objects/oceanbottom/building/deepsea_shelter_xx/deepsea_shelter_debris/deepsea_shelter_debris_plate_02.dae" IsOccluder="true" />
        <Entry CastShadows="true" Collides="true" File="static_objects/oceanbottom/building/deepsea_shelter_xx/deepsea_shelter_debris/deepsea_shelter_debris_plate_03.dae" IsOccluder="true" />
        <Entry CastShadows="true" Collides="true" File="static_objects/oceanbottom/building/deepsea_shelter_xx/deepsea_shelter_debris/deepsea_shelter_debris_small_01.dae" IsOccluder="true" />
        <Entry CastShadows="true" Collides="true" File="static_objects/oceanbottom/building/deepsea_shelter_xx/deepsea_shelter_debris/deepsea_shelter_debris_small_02.dae" IsOccluder="true" />
        <Entry CastShadows="true" Collides="true" File="static_objects/oceanbottom/building/deepsea_shelter_xx/deepsea_shelter_debris/deepsea_shelter_debris_small_03.dae" IsOccluder="true" />
        <Entry CastShadows="true" Collides="true" File="static_objects/oceanbottom/building/deepsea_shelter_xx/deepsea_shelter_girder_05_01_track_special.dae" IsOccluder="true" />
        <Entry CastShadows="true" Collides="true" File="static_objects/oceanbottom/building/deepsea_shelter_xx/deepsea_shelter_girder_base.dae" IsOccluder="true" />
        <Entry CastShadows="true" Collides="true" File="static_objects/oceanbottom/building/deepsea_shelter_xx/deepsea_shelter_girder_bend90.dae" IsOccluder="true" />
        <Entry CastShadows="true" Collides="true" File="static_objects/oceanbottom/building/deepsea_shelter_xx/deepsea_shelter_girder_long.dae" IsOccluder="true" />
        <Entry CastShadows="true" Collides="true" File="static_objects/oceanbottom/building/deepsea_shelter_xx/deepsea_shelter_girder_short.dae" IsOccluder="true" />
        <Entry CastShadows="true" Collides="true" File="static_objects/oceanbottom/building/deepsea_shelter_xx/deepsea_shelter_girder_support.dae" IsOccluder="true" />
        <Entry CastShadows="true" Collides="true" File="static_objects/oceanbottom/building/deepsea_shelter_xx/deepsea_shelter_power_center.dae" IsOccluder="true" />
        <Entry CastShadows="true" Collides="true" File="static_objects/oceanbottom/building/deepsea_shelter_xx/deepsea_shelter_science_center.dae" IsOccluder="true" />
        <Entry CastShadows="true" Collides="true" File="static_objects/oceanbottom/building/deepsea_shelter_xx/deepsea_shelter_shed.DAE" IsOccluder="true" />
        <Entry CastShadows="true" Collides="true" File="static_objects/oceanbottom/building/delta_engine_test_cage/delta_engine_test_cage.dae" IsOccluder="true" />
        <Entry CastShadows="true" Collides="true" File="static_objects/oceanbottom/building/delta_launch_bunker/delta_launch_bunker.dae" IsOccluder="true" />
        <Entry CastShadows="true" Collides="true" File="static_objects/oceanbottom/building/delta_launch_bunker/delta_launch_bunker_broken_window.dae" IsOccluder="true" />
        <Entry CastShadows="true" Collides="true" File="static_objects/oceanbottom/building/delta_launch_bunker/delta_launch_bunker_dry_insides.dae" IsOccluder="true" />
        <Entry CastShadows="true" Collides="true" File="static_objects/oceanbottom/building/delta_launch_tower/delta_launch_tower.dae" IsOccluder="true" />
        <Entry CastShadows="true" Collides="true" File="static_objects/oceanbottom/building/delta_station_control/delta_station_control.dae" IsOccluder="true" />
        <Entry CastShadows="true" Collides="true" File="static_objects/oceanbottom/building/delta_traintunnel/delta_traintunnel.dae" IsOccluder="true" />
        <Entry CastShadows="true" Collides="true" File="static_objects/oceanbottom/building/delta_traintunnel/delta_traintunnel_destroyed.dae" IsOccluder="true" />
        <Entry CastShadows="true" Collides="true" File="static_objects/oceanbottom/building/gas_storage/gas_storage.dae" IsOccluder="true" />
        <Entry CastShadows="true" Collides="true" File="static_objects/oceanbottom/building/girder_overgrown/girder_overgrown_crossbeam.dae" IsOccluder="true" />
        <Entry CastShadows="true" Collides="true" File="static_objects/oceanbottom/building/girder_overgrown/girder_overgrown_damage01.dae" IsOccluder="true" />
        <Entry CastShadows="true" Collides="true" File="static_objects/oceanbottom/building/girder_overgrown/girder_overgrown_long.dae" IsOccluder="true" />
        <Entry CastShadows="true" Collides="true" File="static_objects/oceanbottom/building/girder_overgrown/girder_overgrown_omicron_crossbeam.dae" IsOccluder="true" />
        <Entry CastShadows="true" Collides="true" File="static_objects/oceanbottom/building/girder_overgrown/girder_overgrown_omicron_main_support.dae" IsOccluder="true" />
        <Entry CastShadows="true" Collides="true" File="static_objects/oceanbottom/building/girder_overgrown/girder_overgrown_omicron_main_support_damage01.dae" IsOccluder="true" />
        <Entry CastShadows="true" Collides="true" File="static_objects/oceanbottom/building/girder_overgrown/girder_overgrown_omicron_main_support_damage02.dae" IsOccluder="true" />
        <Entry CastShadows="true" Collides="true" File="static_objects/oceanbottom/building/girder_overgrown/girder_overgrown_omicron_main_support_damage03.dae" IsOccluder="true" />
        <Entry CastShadows="true" Collides="true" File="static_objects/oceanbottom/building/girder_overgrown/girder_overgrown_short.dae" IsOccluder="true" />
        <Entry CastShadows="true" Collides="true" File="static_objects/oceanbottom/building/girder_overgrown/girder_overgrown_support_tiny.dae" IsOccluder="true" />
        <Entry CastShadows="true" Collides="true" File="static_objects/oceanbottom/building/girder_overgrown/girder_overgrown_tiny.dae" IsOccluder="true" />
        <Entry CastShadows="true" Collides="true" File="static_objects/oceanbottom/building/girder_overgrown/girder_overgrown_turn_short.dae" IsOccluder="true" />
        <Entry CastShadows="true" Collides="true" File="static_objects/oceanbottom/building/infected_elevator/infected_elevator.dae" IsOccluder="true" />
        <Entry CastShadows="true" Collides="true" File="static_objects/oceanbottom/building/lambda/interior_wall.dae" IsOccluder="true" />
        <Entry CastShadows="true" Collides="true" File="static_objects/oceanbottom/building/lambda/interior_wall_doorway.dae" IsOccluder="true" />
        <Entry CastShadows="true" Collides="true" File="static_objects/oceanbottom/building/lambda/interior_wall_port_window.dae" IsOccluder="true" />
        <Entry CastShadows="true" Collides="true" File="static_objects/oceanbottom/building/lambda/interior_wall_small.dae" IsOccluder="true" />
        <Entry CastShadows="true" Collides="true" File="static_objects/oceanbottom/building/lambda/lambda_building.dae" IsOccluder="true" />
        <Entry CastShadows="true" Collides="true" File="static_objects/oceanbottom/building/lambda/lambda_traintunnel_exterior.dae" IsOccluder="true" />
        <Entry CastShadows="true" Collides="true" File="static_objects/oceanbottom/building/lambda/lambda_traintunnel_exterior_girder.dae" IsOccluder="true" />
        <Entry CastShadows="true" Collides="true" File="static_objects/oceanbottom/building/lambda_antenna_control/lambda_antenna_control.dae" IsOccluder="true" />
        <Entry CastShadows="true" Collides="true" File="static_objects/oceanbottom/building/lambda_station_broken/lambda_station_broken.dae" IsOccluder="true" />
        <Entry CastShadows="true" Collides="true" File="static_objects/oceanbottom/building/lambda_station_control/lambda_station_control.dae" IsOccluder="true" />
        <Entry CastShadows="true" Collides="true" File="static_objects/oceanbottom/building/lambda_storage/lambda_storage.dae" IsOccluder="true" />
        <Entry CastShadows="true" Collides="true" File="static_objects/oceanbottom/building/omicron/omicron_elevator_building.dae" IsOccluder="true" />
        <Entry CastShadows="true" Collides="true" File="static_objects/oceanbottom/building/omicron/omicron_main_entrance.dae" IsOccluder="true" />
        <Entry CastShadows="true" Collides="true" File="static_objects/oceanbottom/building/omicron/omicron_module_01.dae" IsOccluder="true" />
        <Entry CastShadows="true" Collides="true" File="static_objects/oceanbottom/building/omicron/omicron_module_02.dae" IsOccluder="true" />
        <Entry CastShadows="true" Collides="true" File="static_objects/oceanbottom/building/omicron/omicron_module_02_side_special.dae" IsOccluder="true" />
        <Entry CastShadows="true" Collides="true" File="static_objects/oceanbottom/building/omicron/omicron_module_03.dae" IsOccluder="true" />
        <Entry CastShadows="true" Collides="true" File="static_objects/oceanbottom/building/omicron_substation_interior/omicron_substation_interior.dae" IsOccluder="true" />
        <Entry CastShadows="true" Collides="true" File="static_objects/oceanbottom/building/phi_building_inside/phi_building_inside_doorway.dae" IsOccluder="true" />
        <Entry CastShadows="true" Collides="true" File="static_objects/oceanbottom/building/phi_building_inside/phi_building_inside_mesh_dome.dae" IsOccluder="true" />
        <Entry CastShadows="true" Collides="true" File="static_objects/oceanbottom/building/phi_building_outside/phi_building_outside.dae" IsOccluder="true" />
        <Entry CastShadows="true" Collides="true" File="static_objects/oceanbottom/building/phi_building_outside/phi_building_outside_mesh_dome.dae" IsOccluder="true" />
        <Entry CastShadows="true" Collides="true" File="static_objects/oceanbottom/building/phi_substation/phi_substation.dae" IsOccluder="true" />
        <Entry CastShadows="true" Collides="true" File="static_objects/oceanbottom/building/plateau_station/plateau_station.dae" IsOccluder="true" />
        <Entry CastShadows="true" Collides="true" File="static_objects/oceanbottom/building/pump_station/pump_station.dae" IsOccluder="true" />
        <Entry CastShadows="true" Collides="true" File="static_objects/oceanbottom/building/relay_station/relaystation_air_system.dae" IsOccluder="true" />
        <Entry CastShadows="true" Collides="true" File="static_objects/oceanbottom/building/relay_station/relaystation_antenna.dae" IsOccluder="true" />
        <Entry CastShadows="true" Collides="true" File="static_objects/oceanbottom/building/relay_station/relaystation_broken.dae" IsOccluder="true" />
        <Entry CastShadows="true" Collides="true" File="static_objects/oceanbottom/building/relay_station/relaystation_broken_ring.dae" IsOccluder="true" />
        <Entry CastShadows="true" Collides="true" File="static_objects/oceanbottom/building/relay_station/relaystation_cables.dae" IsOccluder="true" />
        <Entry CastShadows="true" Collides="true" File="static_objects/oceanbottom/building/relay_station/relaystationtemp.dae" IsOccluder="true" />
        <Entry CastShadows="true" Collides="true" File="static_objects/oceanbottom/building/research_site/research_site_antenna_mountaintop_large.dae" IsOccluder="true" />
        <Entry CastShadows="true" Collides="true" File="static_objects/oceanbottom/building/research_site/research_site_antenna_mountaintop_medium.dae" IsOccluder="true" />
        <Entry CastShadows="true" Collides="true" File="static_objects/oceanbottom/building/research_site/research_site_antenna_mountaintop_small.dae" IsOccluder="true" />
        <Entry CastShadows="true" Collides="true" File="static_objects/oceanbottom/building/research_site/research_site_balloon_mountaintop_medium.dae" IsOccluder="true" />
        <Entry CastShadows="true" Collides="true" File="static_objects/oceanbottom/building/research_site/research_site_canister_wall.dae" IsOccluder="true" />
        <Entry CastShadows="true" Collides="true" File="static_objects/oceanbottom/building/research_site/research_site_door_wall_small.dae" IsOccluder="true" />
        <Entry CastShadows="true" Collides="true" File="static_objects/oceanbottom/building/research_site/research_site_interface_wall.dae" IsOccluder="true" />
        <Entry CastShadows="true" Collides="true" File="static_objects/oceanbottom/building/research_site/research_site_interface_wall_greeble.dae" IsOccluder="true" />
        <Entry CastShadows="true" Collides="true" File="static_objects/oceanbottom/building/research_site/research_site_module_floating_medium.dae" IsOccluder="true" />
        <Entry CastShadows="true" Collides="true" File="static_objects/oceanbottom/building/research_site/research_site_module_mountaintop_large.dae" IsOccluder="true" />
        <Entry CastShadows="true" Collides="true" File="static_objects/oceanbottom/building/research_site/research_site_module_mountaintop_medium.dae" IsOccluder="true" />
        <Entry CastShadows="true" Collides="true" File="static_objects/oceanbottom/building/research_site/research_site_module_mountaintop_small.dae" IsOccluder="true" />
        <Entry CastShadows="true" Collides="true" File="static_objects/oceanbottom/building/research_site/research_site_module_wall_medium.dae" IsOccluder="true" />
        <Entry CastShadows="true" Collides="true" File="static_objects/oceanbottom/building/research_site/research_site_module_wall_small.dae" IsOccluder="true" />
        <Entry CastShadows="true" Collides="true" File="static_objects/oceanbottom/building/research_site/research_site_powerlines_tower.dae" IsOccluder="true" />
        <Entry CastShadows="true" Collides="true" File="static_objects/oceanbottom/building/research_site/research_site_powerstation_wall_medium.dae" IsOccluder="true" />
        <Entry CastShadows="true" Collides="true" File="static_objects/oceanbottom/building/research_site/research_site_structure_medium.dae" IsOccluder="true" />
        <Entry CastShadows="true" Collides="true" File="static_objects/oceanbottom/building/research_site/research_site_turbine_generator.dae" IsOccluder="true" />
        <Entry CastShadows="true" Collides="true" File="static_objects/oceanbottom/building/research_site/research_site_vent_wall.dae" IsOccluder="true" />
        <Entry CastShadows="true" Collides="true" File="static_objects/oceanbottom/building/research_site/research_site_walkway_slope_small.dae" IsOccluder="true" />
        <Entry CastShadows="true" Collides="true" File="static_objects/oceanbottom/building/research_site/research_site_walkway_straight.dae" IsOccluder="true" />
        <Entry CastShadows="true" Collides="true" File="static_objects/oceanbottom/building/research_site/research_site_walkway_support_single.dae" IsOccluder="true" />
        <Entry CastShadows="true" Collides="true" File="static_objects/oceanbottom/building/research_site/research_site_walkway_turn_medium.dae" IsOccluder="true" />
        <Entry CastShadows="true" Collides="true" File="static_objects/oceanbottom/building/research_site/research_site_walkway_turn_small.dae" IsOccluder="true" />
        <Entry CastShadows="true" Collides="true" File="static_objects/oceanbottom/building/research_site/research_site_wall_support.dae" IsOccluder="true" />
        <Entry CastShadows="true" Collides="true" File="static_objects/oceanbottom/building/research_site/research_site_windmill_medium.dae" IsOccluder="true" />
        <Entry CastShadows="true" Collides="true" File="static_objects/oceanbottom/building/research_site/station_platform_base.dae" IsOccluder="true" />
        <Entry CastShadows="true" Collides="true" File="static_objects/oceanbottom/building/silo/plateau_station_silo.dae" IsOccluder="true" />
        <Entry CastShadows="true" Collides="true" File="static_objects/oceanbottom/building/silo/silo.dae" IsOccluder="true" />
        <Entry CastShadows="true" Collides="true" File="static_objects/oceanbottom/building/skeleton/skeleton_silo.dae" IsOccluder="true" />
        <Entry CastShadows="true" Collides="true" File="static_objects/oceanbottom/building/skeleton/skeleton_silo_top_ring.dae" IsOccluder="true" />
        <Entry CastShadows="true" Collides="true" File="static_objects/oceanbottom/building/skeleton/skeleton_small_building.dae" IsOccluder="true" />
        <Entry CastShadows="true" Collides="true" File="static_objects/oceanbottom/building/station_platform/concave_small.dae" IsOccluder="true" />
        <Entry CastShadows="true" Collides="true" File="static_objects/oceanbottom/building/station_platform/path_edge_concave.dae" IsOccluder="true" />
        <Entry CastShadows="true" Collides="true" File="static_objects/oceanbottom/building/station_platform/path_edge_concave_broken01.dae" IsOccluder="true" />
        <Entry CastShadows="true" Collides="true" File="static_objects/oceanbottom/building/station_platform/path_edge_concave_broken02.dae" IsOccluder="true" />
        <Entry CastShadows="true" Collides="true" File="static_objects/oceanbottom/building/station_platform/path_edge_convex.dae" IsOccluder="true" />
        <Entry CastShadows="true" Collides="true" File="static_objects/oceanbottom/building/station_platform/path_edge_straight.dae" IsOccluder="true" />
        <Entry CastShadows="true" Collides="true" File="static_objects/oceanbottom/building/station_platform/path_edge_straight_broken01.dae" IsOccluder="true" />
        <Entry CastShadows="true" Collides="true" File="static_objects/oceanbottom/building/station_platform/path_edge_t.dae" IsOccluder="true" />
        <Entry CastShadows="true" Collides="true" File="static_objects/oceanbottom/building/station_platform/path_end.dae" IsOccluder="true" />
        <Entry CastShadows="true" Collides="true" File="static_objects/oceanbottom/building/station_platform/path_straight.dae" IsOccluder="true" />
        <Entry CastShadows="true" Collides="true" File="static_objects/oceanbottom/building/station_platform/path_straight_broken01.dae" IsOccluder="true" />
        <Entry CastShadows="true" Collides="true" File="static_objects/oceanbottom/building/station_platform/path_straight_broken02.dae" IsOccluder="true" />
        <Entry CastShadows="true" Collides="true" File="static_objects/oceanbottom/building/station_platform/path_straight_broken03.dae" IsOccluder="true" />
        <Entry CastShadows="true" Collides="true" File="static_objects/oceanbottom/building/station_platform/path_t.dae" IsOccluder="true" />
        <Entry CastShadows="true" Collides="true" File="static_objects/oceanbottom/building/station_platform/path_treadplate.dae" IsOccluder="true" />
        <Entry CastShadows="true" Collides="true" File="static_objects/oceanbottom/building/station_platform/path_turn.dae" IsOccluder="true" />
        <Entry CastShadows="true" Collides="true" File="static_objects/oceanbottom/building/station_platform/path_turn_broken_01.dae" IsOccluder="true" />
        <Entry CastShadows="true" Collides="true" File="static_objects/oceanbottom/building/station_platform/path_x.dae" IsOccluder="true" />
        <Entry CastShadows="true" Collides="true" File="static_objects/oceanbottom/building/station_platform/station_platform_base.dae" IsOccluder="true" />
        <Entry CastShadows="true" Collides="true" File="static_objects/oceanbottom/building/station_platform/station_platform_concave.dae" IsOccluder="true" />
        <Entry CastShadows="true" Collides="true" File="static_objects/oceanbottom/building/station_platform/station_platform_concave_small.dae" IsOccluder="true" />
        <Entry CastShadows="true" Collides="true" File="static_objects/oceanbottom/building/station_platform/station_platform_concave_small_broken01.dae" IsOccluder="true" />
        <Entry CastShadows="true" Collides="true" File="static_objects/oceanbottom/building/station_platform/station_platform_concave_small_broken02.dae" IsOccluder="true" />
        <Entry CastShadows="true" Collides="true" File="static_objects/oceanbottom/building/station_platform/station_platform_concave_t.dae" IsOccluder="true" />
        <Entry CastShadows="true" Collides="true" File="static_objects/oceanbottom/building/station_platform/station_platform_convex.dae" IsOccluder="true" />
        <Entry CastShadows="true" Collides="true" File="static_objects/oceanbottom/building/station_platform/station_platform_convex_small.dae" IsOccluder="true" />
        <Entry CastShadows="true" Collides="true" File="static_objects/oceanbottom/building/station_platform/station_platform_edge.dae" IsOccluder="true" />
        <Entry CastShadows="true" Collides="true" File="static_objects/oceanbottom/building/station_platform/station_platform_edge_small.dae" IsOccluder="true" />
        <Entry CastShadows="true" Collides="true" File="static_objects/oceanbottom/building/station_platform/station_platform_hatch.dae" IsOccluder="true" />
        <Entry CastShadows="true" Collides="true" File="static_objects/oceanbottom/building/station_platform/station_platform_raised_small.dae" IsOccluder="true" />
        <Entry CastShadows="true" Collides="true" File="static_objects/oceanbottom/building/station_platform/station_platform_raised_small_upsilon.dae" IsOccluder="true" />
        <Entry CastShadows="true" Collides="true" File="static_objects/oceanbottom/building/station_platform/station_platform_ramp.dae" IsOccluder="true" />
        <Entry CastShadows="true" Collides="true" File="static_objects/oceanbottom/building/station_platform/station_platform_ramp_45.dae" IsOccluder="true" />
        <Entry CastShadows="true" Collides="true" File="static_objects/oceanbottom/building/station_platform/station_platform_ramp_45_broken.dae" IsOccluder="true" />
        <Entry CastShadows="true" Collides="true" File="static_objects/oceanbottom/building/station_platform/station_platform_ramp_t.dae" IsOccluder="true" />
        <Entry CastShadows="true" Collides="true" File="static_objects/oceanbottom/building/station_platform/station_platform_ramp_turn.dae" IsOccluder="true" />
        <Entry CastShadows="true" Collides="true" File="static_objects/oceanbottom/building/station_platform/station_platform_solid_convex_small.dae" IsOccluder="true" />
        <Entry CastShadows="true" Collides="true" File="static_objects/oceanbottom/building/station_platform/station_platform_solid_edge_small.dae" IsOccluder="true" />
        <Entry CastShadows="true" Collides="true" File="static_objects/oceanbottom/building/station_platform/station_platform_solid_edge_stairway_small.dae" IsOccluder="true" />
        <Entry CastShadows="true" Collides="true" File="static_objects/oceanbottom/building/station_platform/station_platform_stairs_special_02_03.dae" IsOccluder="true" />
        <Entry CastShadows="true" Collides="true" File="static_objects/oceanbottom/building/station_platform/station_platform_stairs_special_right_02_03.dae" IsOccluder="true" />
        <Entry CastShadows="true" Collides="true" File="static_objects/oceanbottom/building/tau_modules_xx/tau_module_cylinder.dae" IsOccluder="true" />
        <Entry CastShadows="true" Collides="true" File="static_objects/oceanbottom/building/tau_modules_xx/tau_module_cylinder_airlock.dae" IsOccluder="true" />
        <Entry CastShadows="true" Collides="true" File="static_objects/oceanbottom/building/tau_modules_xx/tau_module_cylinder_turn.dae" IsOccluder="true" />
        <Entry CastShadows="true" Collides="true" File="static_objects/oceanbottom/building/tau_modules_xx/tau_module_entrance.dae" IsOccluder="true" />
        <Entry CastShadows="true" Collides="true" File="static_objects/oceanbottom/building/tau_modules_xx/tau_module_entrance_hacked.dae" IsOccluder="true" />
        <Entry CastShadows="true" Collides="true" File="static_objects/oceanbottom/building/tau_modules_xx/tau_module_octagon_broken.dae" IsOccluder="true" />
        <Entry CastShadows="true" Collides="true" File="static_objects/oceanbottom/building/tau_modules_xx/tau_module_octagon_foundations.dae" IsOccluder="true" />
        <Entry CastShadows="true" Collides="true" File="static_objects/oceanbottom/building/tau_modules_xx/tau_module_octagon_open.dae" IsOccluder="true" />
        <Entry CastShadows="true" Collides="true" File="static_objects/oceanbottom/building/tau_modules_xx/tau_module_octagon_open_top.dae" IsOccluder="true" />
        <Entry CastShadows="true" Collides="true" File="static_objects/oceanbottom/building/tau_modules_xx/tau_module_octagon_sealed.dae" IsOccluder="true" />
        <Entry CastShadows="true" Collides="true" File="static_objects/oceanbottom/building/theta_entrance/theta_entrance_airlock.dae" IsOccluder="true" />
        <Entry CastShadows="true" Collides="true" File="static_objects/oceanbottom/building/theta_entrance/theta_entrance_bottom.dae" IsOccluder="true" />
        <Entry CastShadows="true" Collides="true" File="static_objects/oceanbottom/building/theta_entrance/theta_entrance_outerdoor_frame.dae" IsOccluder="true" />
        <Entry CastShadows="true" Collides="true" File="static_objects/oceanbottom/building/theta_entrance/theta_entrance_platform.dae" IsOccluder="true" />
        <Entry CastShadows="true" Collides="true" File="static_objects/oceanbottom/building/theta_entrance/theta_entrance_rockwall.dae" IsOccluder="true" />
        <Entry CastShadows="true" Collides="true" File="static_objects/oceanbottom/building/theta_entrance/theta_entrance_top.dae" IsOccluder="true" />
        <Entry CastShadows="true" Collides="true" File="static_objects/oceanbottom/building/theta_entrance/theta_entrance_vent.dae" IsOccluder="true" />
        <Entry CastShadows="true" Collides="true" File="static_objects/oceanbottom/building/transport_station/transport_station.dae" IsOccluder="true" />
        <Entry CastShadows="true" Collides="true" File="static_objects/oceanbottom/building/transport_station/transport_station_infected.dae" IsOccluder="true" />
        <Entry CastShadows="true" Collides="true" File="static_objects/oceanbottom/building/transport_station/transport_station_powerbox.dae" IsOccluder="true" />
        <Entry CastShadows="true" Collides="true" File="static_objects/oceanbottom/building/transport_tunnel/transport_tunnel_45_left.dae" IsOccluder="true" />
        <Entry CastShadows="true" Collides="true" File="static_objects/oceanbottom/building/transport_tunnel/transport_tunnel_45_right.dae" IsOccluder="true" />
        <Entry CastShadows="true" Collides="true" File="static_objects/oceanbottom/building/transport_tunnel/transport_tunnel_straight.dae" IsOccluder="true" />
        <Entry CastShadows="true" Collides="true" File="static_objects/oceanbottom/building/waste_exhaust/waste_exhaust_large.dae" IsOccluder="true" />
        <Entry CastShadows="true" Collides="true" File="static_objects/oceanbottom/building/waste_exhaust/waste_exhaust_small.dae" IsOccluder="true" />
        <Entry CastShadows="true" Collides="true" File="static_objects/oceanbottom/cables/powerlines_hanging01.dae" IsOccluder="true" />
        <Entry CastShadows="true" Collides="true" File="static_objects/oceanbottom/cables/powerlines_hanging02.dae" IsOccluder="true" />
        <Entry CastShadows="true" Collides="true" File="static_objects/oceanbottom/cables/powerlines_hanging03.dae" IsOccluder="true" />
        <Entry CastShadows="true" Collides="true" File="static_objects/oceanbottom/cables/steel_cable_10m.dae" IsOccluder="true" />
        <Entry CastShadows="true" Collides="true" File="static_objects/oceanbottom/cables/steel_cable_2m.dae" IsOccluder="true" />
        <Entry CastShadows="true" Collides="true" File="static_objects/oceanbottom/details/fencing_rusty/fencing_rusty.dae" IsOccluder="true" />
        <Entry CastShadows="true" Collides="true" File="static_objects/oceanbottom/details/railing/railing_corner.dae" IsOccluder="true" />
        <Entry CastShadows="true" Collides="true" File="static_objects/oceanbottom/details/railing/railing_long.dae" IsOccluder="true" />
        <Entry CastShadows="true" Collides="true" File="static_objects/oceanbottom/details/railing/railing_long_broken01.dae" IsOccluder="true" />
        <Entry CastShadows="true" Collides="true" File="static_objects/oceanbottom/details/railing/railing_long_broken02.dae" IsOccluder="true" />
        <Entry CastShadows="true" Collides="true" File="static_objects/oceanbottom/details/railing/railing_long_broken03.dae" IsOccluder="true" />
        <Entry CastShadows="true" Collides="true" File="static_objects/oceanbottom/details/railing/railing_long_broken04.dae" IsOccluder="true" />
        <Entry CastShadows="true" Collides="true" File="static_objects/oceanbottom/details/railing/railing_medium.dae" IsOccluder="true" />
        <Entry CastShadows="true" Collides="true" File="static_objects/oceanbottom/details/railing/railing_medium_open.dae" IsOccluder="true" />
        <Entry CastShadows="true" Collides="true" File="static_objects/oceanbottom/details/railing/railing_post.dae" IsOccluder="true" />
        <Entry CastShadows="true" Collides="true" File="static_objects/oceanbottom/details/railing/railing_short.dae" IsOccluder="true" />
        <Entry CastShadows="true" Collides="true" File="static_objects/oceanbottom/details/railing/railing_special_platform_turn.dae" IsOccluder="true" />
        <Entry CastShadows="true" Collides="true" File="static_objects/oceanbottom/details/railing/railing_turn.dae" IsOccluder="true" />
        <Entry CastShadows="true" Collides="true" File="static_objects/oceanbottom/details/support_arm/support_arm.dae" IsOccluder="true" />
        <Entry CastShadows="true" Collides="true" File="static_objects/oceanbottom/details/support_beam/support_beam.dae" IsOccluder="true" />
        <Entry CastShadows="true" Collides="true" File="static_objects/oceanbottom/floor/delta_track/delta_track_end.dae" IsOccluder="true" />
        <Entry CastShadows="true" Collides="true" File="static_objects/oceanbottom/floor/delta_track/delta_track_start.dae" IsOccluder="true" />
        <Entry CastShadows="true" Collides="true" File="static_objects/oceanbottom/floor/delta_track/delta_track_straight.dae" IsOccluder="true" />
        <Entry CastShadows="true" Collides="true" File="static_objects/oceanbottom/floor/delta_track/delta_track_turn_45_left_long.dae" IsOccluder="true" />
        <Entry CastShadows="true" Collides="true" File="static_objects/oceanbottom/floor/delta_track/delta_track_turn_45_right_long.dae" IsOccluder="true" />
        <Entry CastShadows="true" Collides="true" File="static_objects/oceanbottom/large_pipes/large_pipe_broken_special.dae" IsOccluder="true" />
        <Entry CastShadows="true" Collides="true" File="static_objects/oceanbottom/large_pipes/large_pipe_broken_straight01.dae" IsOccluder="true" />
        <Entry CastShadows="true" Collides="true" File="static_objects/oceanbottom/large_pipes/large_pipe_broken_straight02.dae" IsOccluder="true" />
        <Entry CastShadows="true" Collides="true" File="static_objects/oceanbottom/large_pipes/large_pipe_broken_turn01.dae" IsOccluder="true" />
        <Entry CastShadows="true" Collides="true" File="static_objects/oceanbottom/large_pipes/large_pipe_pumpstation.dae" IsOccluder="true" />
        <Entry CastShadows="true" Collides="true" File="static_objects/oceanbottom/large_pipes/large_pipe_repair01.dae" IsOccluder="true" />
        <Entry CastShadows="true" Collides="true" File="static_objects/oceanbottom/large_pipes/large_pipe_scaffold.dae" IsOccluder="true" />
        <Entry CastShadows="true" Collides="true" File="static_objects/oceanbottom/large_pipes/large_pipe_split_addon.dae" IsOccluder="true" />
        <Entry CastShadows="true" Collides="true" File="static_objects/oceanbottom/large_pipes/large_pipe_straight.dae" IsOccluder="true" />
        <Entry CastShadows="true" Collides="true" File="static_objects/oceanbottom/large_pipes/large_pipe_straight02.dae" IsOccluder="true" />
        <Entry CastShadows="true" Collides="true" File="static_objects/oceanbottom/large_pipes/large_pipe_turn.dae" IsOccluder="true" />
        <Entry CastShadows="true" Collides="true" File="static_objects/oceanbottom/large_pipes/large_pipe_turn_45.dae" IsOccluder="true" />
        <Entry CastShadows="true" Collides="true" File="static_objects/oceanbottom/large_pipes/pipe_scaffolding.dae" IsOccluder="true" />
        <Entry CastShadows="true" Collides="true" File="static_objects/oceanbottom/large_pipes/pipe_scaffolding_double_short.dae" IsOccluder="true" />
        <Entry CastShadows="true" Collides="true" File="static_objects/oceanbottom/large_pipes/pipe_scaffolding_girder_single.dae" IsOccluder="true" />
        <Entry CastShadows="true" Collides="true" File="static_objects/oceanbottom/large_pipes/pipe_scaffolding_girder_single_foot.dae" IsOccluder="true" />
        <Entry CastShadows="true" Collides="true" File="static_objects/oceanbottom/large_pipes/pipe_scaffolding_girder_single_holder.dae" IsOccluder="true" />
        <Entry CastShadows="true" Collides="true" File="static_objects/oceanbottom/large_pipes/pipes_stack.dae" IsOccluder="true" />
        <Entry CastShadows="true" Collides="true" File="static_objects/oceanbottom/mscurie/crawlspace_default.dae" IsOccluder="true" />
        <Entry CastShadows="true" Collides="true" File="static_objects/oceanbottom/mscurie/crawlspace_default_damaged.dae" IsOccluder="true" />
        <Entry CastShadows="true" Collides="true" File="static_objects/oceanbottom/mscurie/crawlspace_end.dae" IsOccluder="true" />
        <Entry CastShadows="true" Collides="true" File="static_objects/oceanbottom/mscurie/crawlspace_entrance.dae" IsOccluder="true" />
        <Entry CastShadows="true" Collides="true" File="static_objects/oceanbottom/mscurie/crawlspace_fenced_pipes01.dae" IsOccluder="true" />
        <Entry CastShadows="true" Collides="true" File="static_objects/oceanbottom/mscurie/crawlspace_fenced_pipes02.dae" IsOccluder="true" />
        <Entry CastShadows="true" Collides="true" File="static_objects/oceanbottom/mscurie/crawlspace_fenced_pipes03.dae" IsOccluder="true" />
        <Entry CastShadows="true" Collides="true" File="static_objects/oceanbottom/mscurie/crawlspace_fenced_pipes04.dae" IsOccluder="true" />
        <Entry CastShadows="true" Collides="true" File="static_objects/oceanbottom/mscurie/crawlspace_panel.dae" IsOccluder="true" />
        <Entry CastShadows="true" Collides="true" File="static_objects/oceanbottom/mscurie/crawlspace_panel_damaged.dae" IsOccluder="true" />
        <Entry CastShadows="true" Collides="true" File="static_objects/oceanbottom/mscurie/crawlspace_support_long.dae" IsOccluder="true" />
        <Entry CastShadows="true" Collides="true" File="static_objects/oceanbottom/mscurie/crawlspace_welder.dae" IsOccluder="true" />
        <Entry CastShadows="true" Collides="true" File="static_objects/oceanbottom/mscurie/mscurie.dae" IsOccluder="true" />
        <Entry CastShadows="true" Collides="true" File="static_objects/oceanbottom/mscurie/mscurie_altered.dae" IsOccluder="true" />
        <Entry CastShadows="true" Collides="true" File="static_objects/oceanbottom/mscurie/mscurie_antenna01.dae" IsOccluder="true" />
        <Entry CastShadows="true" Collides="true" File="static_objects/oceanbottom/mscurie/mscurie_antenna02.dae" IsOccluder="true" />
        <Entry CastShadows="true" Collides="true" File="static_objects/oceanbottom/mscurie/mscurie_antenna03.dae" IsOccluder="true" />
        <Entry CastShadows="true" Collides="true" File="static_objects/oceanbottom/mscurie/mscurie_antenna04.dae" IsOccluder="true" />
        <Entry CastShadows="true" Collides="true" File="static_objects/oceanbottom/mscurie/mscurie_beam_horseshoe.dae" IsOccluder="true" />
        <Entry CastShadows="true" Collides="true" File="static_objects/oceanbottom/mscurie/mscurie_beam_horseshoe_broken.dae" IsOccluder="true" />
        <Entry CastShadows="true" Collides="true" File="static_objects/oceanbottom/mscurie/mscurie_cowl_vent.dae" IsOccluder="true" />
        <Entry CastShadows="true" Collides="true" File="static_objects/oceanbottom/mscurie/mscurie_cowl_vent_hatch.dae" IsOccluder="true" />
        <Entry CastShadows="true" Collides="true" File="static_objects/oceanbottom/mscurie/mscurie_cross_section.dae" IsOccluder="true" />
        <Entry CastShadows="true" Collides="true" File="static_objects/oceanbottom/mscurie/mscurie_ladder_cage.dae" IsOccluder="true" />
        <Entry CastShadows="true" Collides="true" File="static_objects/oceanbottom/mscurie/mscurie_ladder_intact.dae" IsOccluder="true" />
        <Entry CastShadows="true" Collides="true" File="static_objects/oceanbottom/mscurie/mscurie_propeller_shaft_interior.dae" IsOccluder="true" />
        <Entry CastShadows="true" Collides="true" File="static_objects/oceanbottom/mscurie/mscurie_supporter01.dae" IsOccluder="true" />
        <Entry CastShadows="true" Collides="true" File="static_objects/oceanbottom/mscurie/mscurie_supporter02.dae" IsOccluder="true" />
        <Entry CastShadows="true" Collides="true" File="static_objects/oceanbottom/mscurie/rusted_ship_debris_beam.dae" IsOccluder="true" />
        <Entry CastShadows="true" Collides="true" File="static_objects/oceanbottom/mscurie/rusted_ship_debris_large.dae" IsOccluder="true" />
        <Entry CastShadows="true" Collides="true" File="static_objects/oceanbottom/mscurie/rusted_ship_debris_large2.dae" IsOccluder="true" />
        <Entry CastShadows="true" Collides="true" File="static_objects/oceanbottom/mscurie/rusted_ship_debris_panel1.dae" IsOccluder="true" />
        <Entry CastShadows="true" Collides="true" File="static_objects/oceanbottom/mscurie/rusted_ship_debris_panel2.dae" IsOccluder="true" />
        <Entry CastShadows="true" Collides="true" File="static_objects/oceanbottom/mscurie/rusted_ship_debris_panel3.dae" IsOccluder="true" />
        <Entry CastShadows="true" Collides="true" File="static_objects/oceanbottom/mscurie/rusted_ship_debris_panel4.dae" IsOccluder="true" />
        <Entry CastShadows="true" Collides="true" File="static_objects/oceanbottom/special/01_01_observation_tunnel_terrain.dae" IsOccluder="true" />
        <Entry CastShadows="true" Collides="true" File="static_objects/oceanbottom/special/01_01_observation_tunnel_water_flow.dae" IsOccluder="true" />
        <Entry CastShadows="true" Collides="true" File="static_objects/oceanbottom/special/01_01_observation_tunnel_water_plane.dae" IsOccluder="true" />
        <Entry CastShadows="true" Collides="true" File="static_objects/oceanbottom/special/01_03_upsilon_sign/01_03_upsilon_sign.dae" IsOccluder="true" />
        <Entry CastShadows="true" Collides="true" File="static_objects/oceanbottom/special/02_01_traintunnel_escape_ladderhole.dae" IsOccluder="true" />
        <Entry CastShadows="true" Collides="true" File="static_objects/oceanbottom/special/02_03_delta_cave/02_03_delta_cave.dae" IsOccluder="true" />
        <Entry CastShadows="true" Collides="true" File="static_objects/oceanbottom/special/02_04_theta_sign/02_04_theta_sign.dae" IsOccluder="true" />
        <Entry CastShadows="true" Collides="true" File="static_objects/oceanbottom/special/03_01_flushtunnel_exit.dae" IsOccluder="true" />
        <Entry CastShadows="true" Collides="true" File="static_objects/oceanbottom/special/03_03_elevator_crane/03_03_elevator_crane.dae" IsOccluder="true" />
        <Entry CastShadows="true" Collides="true" File="static_objects/oceanbottom/special/03_03_elevator_crane/03_03_elevator_crane_cable_connector_wall.dae" IsOccluder="true" />
        <Entry CastShadows="true" Collides="true" File="static_objects/oceanbottom/special/03_03_elevator_crane/03_03_elevator_crane_cable_connector_wall02.dae" IsOccluder="true" />
        <Entry CastShadows="true" Collides="true" File="static_objects/oceanbottom/special/03_03_elevator_crane/03_03_elevator_crane_catwalk.dae" IsOccluder="true" />
        <Entry CastShadows="true" Collides="true" File="static_objects/oceanbottom/special/04_01_cave_tunnels.dae" IsOccluder="true" />
        <Entry CastShadows="true" Collides="true" File="static_objects/oceanbottom/special/04_03_canyon/04_03_canyon.dae" IsOccluder="true" />
        <Entry CastShadows="true" Collides="true" File="static_objects/oceanbottom/special/04_03_tau_escape/04_03_tau_escape_rubble02.DAE" IsOccluder="true" />
        <Entry CastShadows="true" Collides="true" File="static_objects/oceanbottom/special/04_03_tau_escape/04_03_tau_escape_rubble03.DAE" IsOccluder="true" />
        <Entry CastShadows="true" Collides="true" File="static_objects/oceanbottom/special/04_03_tau_escape/04_03_tau_escape_rubble04.DAE" IsOccluder="true" />
        <Entry CastShadows="true" Collides="true" File="static_objects/oceanbottom/special/04_03_tau_escape/04_03_tau_escape_rubble05.DAE" IsOccluder="true" />
        <Entry CastShadows="true" Collides="true" File="static_objects/oceanbottom/special/04_03_tau_escape/04_03_tau_escape_rubble06.DAE" IsOccluder="true" />
        <Entry CastShadows="true" Collides="true" File="static_objects/oceanbottom/special/04_03_tau_escape/04_03_tau_escape_rubble07.DAE" IsOccluder="true" />
        <Entry CastShadows="true" Collides="true" File="static_objects/oceanbottom/special/04_03_tau_escape/04_03_tau_escape_rubble08.DAE" IsOccluder="true" />
        <Entry CastShadows="true" Collides="true" File="static_objects/oceanbottom/special/04_03_tau_escape/04_03_tau_escape_rubble09.DAE" IsOccluder="true" />
        <Entry CastShadows="true" Collides="true" File="static_objects/oceanbottom/special/04_03_tau_escape/04_03_tau_escape_rubble10.DAE" IsOccluder="true" />
        <Entry CastShadows="true" Collides="true" File="static_objects/oceanbottom/special/1_1_pipe_straight_infected.dae" IsOccluder="true" />
        <Entry CastShadows="true" Collides="true" File="static_objects/oceanbottom/special/1_1_pipes_broken_elevator.dae" IsOccluder="true" />
        <Entry CastShadows="true" Collides="true" File="static_objects/oceanbottom/special/infected_metal_damage01.dae" IsOccluder="true" />
        <Entry CastShadows="true" Collides="true" File="static_objects/oceanbottom/special/infected_metal_damage02.dae" IsOccluder="true" />
        <Entry CastShadows="true" Collides="true" File="static_objects/oceanbottom/special/infection_spot01.dae" IsOccluder="true" />
        <Entry CastShadows="true" Collides="true" File="static_objects/oceanbottom/special/infection_spot02.dae" IsOccluder="true" />
        <Entry CastShadows="true" Collides="true" File="static_objects/oceanbottom/stairs/metal_treadplate/metal_treadplate_bottom.dae" IsOccluder="true" />
        <Entry CastShadows="true" Collides="true" File="static_objects/oceanbottom/stairs/metal_treadplate/metal_treadplate_middle.dae" IsOccluder="true" />
        <Entry CastShadows="true" Collides="true" File="static_objects/oceanbottom/stairs/metal_treadplate/metal_treadplate_top.dae" IsOccluder="true" />
        <Entry CastShadows="true" Collides="true" File="static_objects/oceanbottom/stairs/phi_walkway/phi_walkway_frame_long.dae" IsOccluder="true" />
        <Entry CastShadows="true" Collides="true" File="static_objects/oceanbottom/stairs/phi_walkway/phi_walkway_frame_medium.dae" IsOccluder="true" />
        <Entry CastShadows="true" Collides="true" File="static_objects/oceanbottom/stairs/phi_walkway/phi_walkway_frame_short.dae" IsOccluder="true" />
        <Entry CastShadows="true" Collides="true" File="static_objects/oceanbottom/stairs/phi_walkway/phi_walkway_frame_turn.dae" IsOccluder="true" />
        <Entry CastShadows="true" Collides="true" File="static_objects/oceanbottom/stairs/phi_walkway/phi_walkway_launchroom.dae" IsOccluder="true" />
        <Entry CastShadows="true" Collides="true" File="static_objects/oceanbottom/stairs/phi_walkway/phi_walkway_railing_end.dae" IsOccluder="true" />
        <Entry CastShadows="true" Collides="true" File="static_objects/oceanbottom/stairs/phi_walkway/phi_walkway_railing_end_short.dae" IsOccluder="true" />
        <Entry CastShadows="true" Collides="true" File="static_objects/oceanbottom/stairs/phi_walkway/phi_walkway_railing_loading_platform.dae" IsOccluder="true" />
        <Entry CastShadows="true" Collides="true" File="static_objects/oceanbottom/stairs/phi_walkway/phi_walkway_railing_small.dae" IsOccluder="true" />
        <Entry CastShadows="true" Collides="true" File="static_objects/oceanbottom/stairs/phi_walkway/phi_walkway_railing_stairs_loading_platform.dae" IsOccluder="true" />
        <Entry CastShadows="true" Collides="true" File="static_objects/oceanbottom/stairs/phi_walkway/phi_walkway_railing_stairs_short.dae" IsOccluder="true" />
        <Entry CastShadows="true" Collides="true" File="static_objects/oceanbottom/stairs/phi_walkway/phi_walkway_railing_substationl.dae" IsOccluder="true" />
        <Entry CastShadows="true" Collides="true" File="static_objects/oceanbottom/stairs/phi_walkway/phi_walkway_railing_turn.dae" IsOccluder="true" />
        <Entry CastShadows="true" Collides="true" File="static_objects/oceanbottom/stairs/phi_walkway/phi_walkway_small.dae" IsOccluder="true" />
        <Entry CastShadows="true" Collides="true" File="static_objects/oceanbottom/stairs/phi_walkway/phi_walkway_stairs_large.dae" IsOccluder="true" />
        <Entry CastShadows="true" Collides="true" File="static_objects/oceanbottom/stairs/phi_walkway/phi_walkway_stairs_large_handrail.dae" IsOccluder="true" />
        <Entry CastShadows="true" Collides="true" File="static_objects/oceanbottom/stairs/phi_walkway/phi_walkway_stairs_small_tilable.dae" IsOccluder="true" />
        <Entry CastShadows="true" Collides="true" File="static_objects/oceanbottom/stairs/phi_walkway/stairs_large.dae" IsOccluder="true" />
        <Entry CastShadows="true" Collides="true" File="static_objects/oceanbottom/stairs/phi_walkway/stairs_large_handrail.dae" IsOccluder="true" />
        <Entry CastShadows="true" Collides="true" File="static_objects/oceanbottom/stairs/phi_walkway/stairs_small_tilable.dae" IsOccluder="true" />
        <Entry CastShadows="true" Collides="true" File="static_objects/oceanbottom/stairs/phi_walkway/walkway_small.dae" IsOccluder="true" />
        <Entry CastShadows="true" Collides="true" File="static_objects/oceanbottom/theta/theta_girder.dae" IsOccluder="true" />
        <Entry CastShadows="true" Collides="true" File="static_objects/oceanbottom/theta/theta_girder_small.dae" IsOccluder="true" />
        <Entry CastShadows="true" Collides="true" File="static_objects/oceanbottom/theta/theta_plate.dae" IsOccluder="true" />
        <Entry CastShadows="true" Collides="true" File="static_objects/oceanbottom/theta/theta_wall.dae" IsOccluder="true" />
        <Entry CastShadows="true" Collides="true" File="static_objects/oceanbottom/tunnel/terrain_tunnel_tau_escape_3way.dae" IsOccluder="true" />
        <Entry CastShadows="true" Collides="true" File="static_objects/oceanbottom/tunnel/terrain_tunnel_tau_escape_straight.dae" IsOccluder="true" />
        <Entry CastShadows="true" Collides="true" File="static_objects/oceanbottom/tunnel/tunnel_tau_escape_3way.dae" IsOccluder="true" />
        <Entry CastShadows="true" Collides="true" File="static_objects/oceanbottom/tunnel/tunnel_tau_escape_straight.dae" IsOccluder="true" />
        <Entry CastShadows="true" Collides="true" File="static_objects/oceanbottom/tunnel/tunnel_tau_escape_straight_airlock.dae" IsOccluder="true" />
        <Entry CastShadows="true" Collides="true" File="static_objects/oceanbottom/tunnel/tunnel_tau_escape_straight_damaged01.dae" IsOccluder="true" />
        <Entry CastShadows="true" Collides="true" File="static_objects/oceanbottom/tunnel/tunnel_tau_escape_straight_damaged02.dae" IsOccluder="true" />
        <Entry CastShadows="true" Collides="true" File="static_objects/oceanbottom/tunnel/tunnel_tau_escape_straight_pipes.dae" IsOccluder="true" />
        <Entry CastShadows="true" Collides="true" File="static_objects/oceanbottom/tunnel/tunnel_tau_railing_straight.dae" IsOccluder="true" />
        <Entry CastShadows="true" Collides="true" File="static_objects/organic/details/cath_box_mindcoral_holder.dae" IsOccluder="true" />
        <Entry CastShadows="true" Collides="true" File="static_objects/organic/details/mindcoral_colony_edge.dae" IsOccluder="true" />
        <Entry CastShadows="true" Collides="true" File="static_objects/organic/details/mindcoral_colony_flat.dae" IsOccluder="true" />
        <Entry CastShadows="true" Collides="true" File="static_objects/organic/details/mindcoral_colony_mass01.dae" IsOccluder="true" />
        <Entry CastShadows="true" Collides="true" File="static_objects/organic/details/mindcoral_colony_mass02.dae" IsOccluder="true" />
        <Entry CastShadows="true" Collides="true" File="static_objects/organic/details/mindcoral_colony_mass03.dae" IsOccluder="true" />
        <Entry CastShadows="true" Collides="true" File="static_objects/organic/details/mindcoral_colony_pillar.dae" IsOccluder="true" />
        <Entry CastShadows="true" Collides="true" File="static_objects/organic/floor/mindcoral_corridor.dae" IsOccluder="true" />
        <Entry CastShadows="true" Collides="true" File="static_objects/organic/floor/mindcoral_square_tiling.dae" IsOccluder="true" />
        <Entry CastShadows="true" Collides="true" File="static_objects/organic/floor/mindcoral_square_tiling_sunkenhole01.dae" IsOccluder="true" />
        <Entry CastShadows="true" Collides="true" File="static_objects/organic/floor/mindcoral_square_tiling_sunkenhole02.dae" IsOccluder="true" />
        <Entry CastShadows="true" Collides="true" File="static_objects/organic/flower/flower_waterlilly_01.DAE" IsOccluder="true" />
        <Entry CastShadows="true" Collides="false" File="static_objects/organic/hanging_greenery/hanging_greenery_kelp01.dae" IsOccluder="false" />
        <Entry CastShadows="true" Collides="true" File="static_objects/organic/hanging_greenery/hanging_greenery_kelp01_sway.dae" IsOccluder="true" />
        <Entry CastShadows="true" Collides="true" File="static_objects/organic/hanging_greenery/hanging_greenery_kelp02.dae" IsOccluder="true" />
        <Entry CastShadows="true" Collides="true" File="static_objects/organic/hanging_greenery/hanging_greenery_kelp02_sway.dae" IsOccluder="true" />
        <Entry CastShadows="true" Collides="true" File="static_objects/organic/hanging_greenery/hanging_greenery_kelp03_sway.dae" IsOccluder="true" />
        <Entry CastShadows="true" Collides="true" File="static_objects/organic/hanging_greenery/hanging_greenery_kelp04_sway.dae" IsOccluder="true" />
        <Entry CastShadows="true" Collides="true" File="static_objects/organic/hanging_greenery/hanging_greenery_vine01.dae" IsOccluder="true" />
        <Entry CastShadows="true" Collides="true" File="static_objects/organic/hanging_greenery/hanging_greenery_vine02.dae" IsOccluder="true" />
        <Entry CastShadows="true" Collides="true" File="static_objects/organic/ivy/ivy_01.DAE" IsOccluder="true" />
        <Entry CastShadows="true" Collides="true" File="static_objects/organic/ivy/ivy_02.DAE" IsOccluder="true" />
        <Entry CastShadows="true" Collides="true" File="static_objects/organic/ivy/ivy_03.DAE" IsOccluder="true" />
        <Entry CastShadows="true" Collides="true" File="static_objects/organic/ivy/ivy_04.DAE" IsOccluder="true" />
        <Entry CastShadows="true" Collides="true" File="static_objects/organic/moss/moss_green_cluster01.dae" IsOccluder="true" />
        <Entry CastShadows="true" Collides="true" File="static_objects/organic/roof/mindcoral_corridor.dae" IsOccluder="true" />
        <Entry CastShadows="true" Collides="true" File="static_objects/organic/roof/mindcoral_dome.dae" IsOccluder="true" />
        <Entry CastShadows="true" Collides="false" File="static_objects/organic/seagrass/bush_small_cabomba01.dae" IsOccluder="false" />
        <Entry CastShadows="true" Collides="false" File="static_objects/organic/seagrass/bush_small_cabomba02.dae" IsOccluder="false" />
        <Entry CastShadows="true" Collides="false" File="static_objects/organic/seagrass/straw_small_anacharis01.dae" IsOccluder="false" />
        <Entry CastShadows="true" Collides="false" File="static_objects/organic/seagrass/straw_small_anacharis02.dae" IsOccluder="false" />
        <Entry CastShadows="true" Collides="false" File="static_objects/organic/seagrass/straw_small_vallisneria01.dae" IsOccluder="false" />
        <Entry CastShadows="true" Collides="true" File="static_objects/organic/seagrass/straw_small_vallisneria01_no_sway.dae" IsOccluder="true" />
        <Entry CastShadows="true" Collides="false" File="static_objects/organic/seagrass/straw_small_vallisneria02.dae" IsOccluder="false" />
        <Entry CastShadows="true" Collides="true" File="static_objects/organic/seagrass/straw_small_vallisneria02_no_sway.dae" IsOccluder="true" />
        <Entry CastShadows="true" Collides="false" File="static_objects/organic/seagrass/straw_small_vallisneria03.dae" IsOccluder="false" />
        <Entry CastShadows="true" Collides="true" File="static_objects/organic/seagrass/straw_small_vallisneria03_no_sway.dae" IsOccluder="true" />
        <Entry CastShadows="true" Collides="true" File="static_objects/organic/special/mindcoral_tunnel_deadend.dae" IsOccluder="true" />
        <Entry CastShadows="true" Collides="true" File="static_objects/organic/special/mindcoral_tunnel_deadend_level_02_07_connection.dae" IsOccluder="true" />
        <Entry CastShadows="true" Collides="true" File="static_objects/organic/special/mindcoral_tunnel_level_02_07.dae" IsOccluder="true" />
        <Entry CastShadows="true" Collides="true" File="static_objects/organic/tree/tree_branch_dead.DAE" IsOccluder="true" />
        <Entry CastShadows="true" Collides="true" File="static_objects/organic/tree/tree_branch_dead_small.DAE" IsOccluder="true" />
        <Entry CastShadows="true" Collides="true" File="static_objects/organic/tree/tree_large01.dae" IsOccluder="true" />
        <Entry CastShadows="true" Collides="true" File="static_objects/organic/tree/tree_large01_roots.dae" IsOccluder="true" />
        <Entry CastShadows="true" Collides="true" File="static_objects/organic/wall/mindcoral_area_corridor_s_turn.dae" IsOccluder="true" />
        <Entry CastShadows="true" Collides="true" File="static_objects/organic/wall/mindcoral_area_corridor_straight.dae" IsOccluder="true" />
        <Entry CastShadows="true" Collides="true" File="static_objects/organic/wall/mindcoral_area_deadend01.dae" IsOccluder="true" />
        <Entry CastShadows="true" Collides="true" File="static_objects/organic/wall/mindcoral_area_deadend02.dae" IsOccluder="true" />
        <Entry CastShadows="true" Collides="true" File="static_objects/organic/wall/mindcoral_area_deadend03.dae" IsOccluder="true" />
        <Entry CastShadows="true" Collides="true" File="static_objects/organic/wall/mindcoral_area_deadend04.dae" IsOccluder="true" />
        <Entry CastShadows="true" Collides="true" File="static_objects/organic/wall/mindcoral_area_deadend05.dae" IsOccluder="true" />
        <Entry CastShadows="true" Collides="true" File="static_objects/organic/wall/mindcoral_area_deadend06.dae" IsOccluder="true" />
        <Entry CastShadows="true" Collides="true" File="static_objects/organic/wall/mindcoral_area_deadend06_large_hole_back.dae" IsOccluder="true" />
        <Entry CastShadows="true" Collides="true" File="static_objects/organic/wall/mindcoral_area_deadend07.dae" IsOccluder="true" />
        <Entry CastShadows="true" Collides="true" File="static_objects/organic/wall/mindcoral_area_deadend08.dae" IsOccluder="true" />
        <Entry CastShadows="true" Collides="true" File="static_objects/organic/wall/mindcoral_area_hub01.dae" IsOccluder="true" />
        <Entry CastShadows="true" Collides="true" File="static_objects/organic/wall/mindcoral_area_hub02.dae" IsOccluder="true" />
        <Entry CastShadows="true" Collides="true" File="static_objects/organic/wall/mindcoral_area_hub03.dae" IsOccluder="true" />
        <Entry CastShadows="true" Collides="true" File="static_objects/organic/wall/mindcoral_area_hub03_vent_hole.dae" IsOccluder="true" />
        <Entry CastShadows="true" Collides="true" File="static_objects/organic/wall/mindcoral_area_hub04.dae" IsOccluder="true" />
        <Entry CastShadows="true" Collides="true" File="static_objects/organic/wall/mindcoral_area_hub05.dae" IsOccluder="true" />
        <Entry CastShadows="true" Collides="true" File="static_objects/organic/wall/mindcoral_area_hub05_special.dae" IsOccluder="true" />
        <Entry CastShadows="true" Collides="true" File="static_objects/organic/wall/mindcoral_concave01.dae" IsOccluder="true" />
        <Entry CastShadows="true" Collides="true" File="static_objects/organic/wall/mindcoral_concave02.dae" IsOccluder="true" />
        <Entry CastShadows="true" Collides="true" File="static_objects/organic/wall/mindcoral_concave03.dae" IsOccluder="true" />
        <Entry CastShadows="true" Collides="true" File="static_objects/organic/wall/mindcoral_convex.dae" IsOccluder="true" />
        <Entry CastShadows="true" Collides="true" File="static_objects/organic/wall/mindcoral_convex_hole.dae" IsOccluder="true" />
        <Entry CastShadows="true" Collides="true" File="static_objects/organic/wall/mindcoral_flat01.dae" IsOccluder="true" />
        <Entry CastShadows="true" Collides="true" File="static_objects/organic/wall/mindcoral_flat01_small.dae" IsOccluder="true" />
        <Entry CastShadows="true" Collides="true" File="static_objects/organic/wall/mindcoral_flat02.dae" IsOccluder="true" />
        <Entry CastShadows="true" Collides="true" File="static_objects/organic/wall/mindcoral_flat03.dae" IsOccluder="true" />
        <Entry CastShadows="true" Collides="true" File="static_objects/organic/wall/mindcoral_flat_doorway.dae" IsOccluder="true" />
        <Entry CastShadows="true" Collides="true" File="static_objects/organic/wall/mindcoral_flat_welder.dae" IsOccluder="true" />
        <Entry CastShadows="true" Collides="true" File="static_objects/organic/wall/mindcoral_pillar.dae" IsOccluder="true" />
        <Entry CastShadows="true" Collides="true" File="static_objects/organic/wall/mindcoral_tube_doorway.dae" IsOccluder="true" />
        <Entry CastShadows="true" Collides="true" File="static_objects/organic/wall/mindcoral_turn.dae" IsOccluder="true" />
        <Entry CastShadows="true" Collides="true" File="static_objects/organic/wall/mindcoral_wall_detail01.dae" IsOccluder="true" />
        <Entry CastShadows="true" Collides="true" File="static_objects/organic/wall/mindcoral_welder.dae" IsOccluder="true" />
        <Entry CastShadows="true" Collides="true" File="static_objects/robot/bottomless_pit/bottomless_pit.dae" IsOccluder="true" />
        <Entry CastShadows="true" Collides="true" File="static_objects/robot/bottomless_pit/panelset_bend_wall.dae" IsOccluder="true" />
        <Entry CastShadows="true" Collides="true" File="static_objects/robot/bottomless_pit/panelset_default_wall.dae" IsOccluder="true" />
        <Entry CastShadows="true" Collides="true" File="static_objects/robot/bottomless_pit/panelset_dome_wall.dae" IsOccluder="true" />
        <Entry CastShadows="true" Collides="true" File="static_objects/robot/bottomless_pit/panelset_grate_console.dae" IsOccluder="true" />
        <Entry CastShadows="true" Collides="true" File="static_objects/robot/bottomless_pit/panelset_grate_trim.dae" IsOccluder="true" />
        <Entry CastShadows="true" Collides="true" File="static_objects/robot/bottomless_pit/panelset_kickboard.dae" IsOccluder="true" />
        <Entry CastShadows="true" Collides="true" File="static_objects/robot/bottomless_pit/panelset_winblinds.dae" IsOccluder="true" />
        <Entry CastShadows="true" Collides="true" File="static_objects/robot/cables/cable_thick_bend_long.dae" IsOccluder="true" />
        <Entry CastShadows="true" Collides="true" File="static_objects/robot/cables/cable_thick_bend_med.dae" IsOccluder="true" />
        <Entry CastShadows="true" Collides="true" File="static_objects/robot/cables/cable_thick_bend_vertical.dae" IsOccluder="true" />
        <Entry CastShadows="true" Collides="true" File="static_objects/robot/cables/cable_thick_long.dae" IsOccluder="true" />
        <Entry CastShadows="true" Collides="true" File="static_objects/robot/cables/cable_thick_med.dae" IsOccluder="true" />
        <Entry CastShadows="true" Collides="true" File="static_objects/robot/cables/cable_thick_special01.dae" IsOccluder="true" />
        <Entry CastShadows="true" Collides="true" File="static_objects/robot/cables/cable_thick_special02.dae" IsOccluder="true" />
        <Entry CastShadows="true" Collides="true" File="static_objects/robot/cables/ceiling_hanging_cable01.dae" IsOccluder="true" />
        <Entry CastShadows="true" Collides="true" File="static_objects/robot/cables/ceiling_hanging_cable02.dae" IsOccluder="true" />
        <Entry CastShadows="true" Collides="true" File="static_objects/robot/cables/default_wall_cable_thin01.dae" IsOccluder="true" />
        <Entry CastShadows="true" Collides="true" File="static_objects/robot/cables/default_wall_cable_thin02.dae" IsOccluder="true" />
        <Entry CastShadows="true" Collides="true" File="static_objects/robot/cables/default_wall_cables01.dae" IsOccluder="true" />
        <Entry CastShadows="true" Collides="true" File="static_objects/robot/cables/default_wall_cables02.dae" IsOccluder="true" />
        <Entry CastShadows="true" Collides="true" File="static_objects/robot/cables/sleved_open01.dae" IsOccluder="true" />
        <Entry CastShadows="true" Collides="true" File="static_objects/robot/cables/sleved_open02.dae" IsOccluder="true" />
        <Entry CastShadows="true" Collides="true" File="static_objects/robot/ceiling/default.dae" IsOccluder="true" />
        <Entry CastShadows="true" Collides="true" File="static_objects/robot/ceiling/to_flat_connector.dae" IsOccluder="true" />
        <Entry CastShadows="true" Collides="true" File="static_objects/robot/debris/wau_structure_debris_wall01.dae" IsOccluder="true" />
        <Entry CastShadows="true" Collides="true" File="static_objects/robot/detail/scale_large01.dae" IsOccluder="true" />
        <Entry CastShadows="true" Collides="true" File="static_objects/robot/detail/scale_large02.dae" IsOccluder="true" />
        <Entry CastShadows="true" Collides="true" File="static_objects/robot/detail/wall_detail_organic01.dae" IsOccluder="true" />
        <Entry CastShadows="true" Collides="true" File="static_objects/robot/detail/wall_detail_organic01_tentacles.dae" IsOccluder="true" />
        <Entry CastShadows="true" Collides="true" File="static_objects/robot/detail/wall_detail_organic02.dae" IsOccluder="true" />
        <Entry CastShadows="true" Collides="true" File="static_objects/robot/detail/wall_detail_organic_welder.dae" IsOccluder="true" />
        <Entry CastShadows="true" Collides="true" File="static_objects/robot/floor/flat_square_small.dae" IsOccluder="true" />
        <Entry CastShadows="true" Collides="true" File="static_objects/robot/floor/flat_square_small_broken.dae" IsOccluder="true" />
        <Entry CastShadows="true" Collides="true" File="static_objects/robot/floor/flat_square_small_pipes.dae" IsOccluder="true" />
        <Entry CastShadows="true" Collides="true" File="static_objects/robot/floor/flat_square_vents.dae" IsOccluder="true" />
        <Entry CastShadows="true" Collides="true" File="static_objects/robot/floor/floor_drain_large.dae" IsOccluder="true" />
        <Entry CastShadows="true" Collides="true" File="static_objects/robot/floor/floor_drain_med.dae" IsOccluder="true" />
        <Entry CastShadows="true" Collides="true" File="static_objects/robot/floor/floor_pipe_curve.dae" IsOccluder="true" />
        <Entry CastShadows="true" Collides="true" File="static_objects/robot/floor/floor_pipe_end.dae" IsOccluder="true" />
        <Entry CastShadows="true" Collides="true" File="static_objects/robot/floor/floor_pipe_end02.dae" IsOccluder="true" />
        <Entry CastShadows="true" Collides="true" File="static_objects/robot/floor/floor_pipe_long.dae" IsOccluder="true" />
        <Entry CastShadows="true" Collides="true" File="static_objects/robot/floor/floor_wall_welder_corner_concave.dae" IsOccluder="true" />
        <Entry CastShadows="true" Collides="true" File="static_objects/robot/floor/floor_wall_welder_corner_convex.dae" IsOccluder="true" />
        <Entry CastShadows="true" Collides="true" File="static_objects/robot/floor/floor_wall_welder_large.dae" IsOccluder="true" />
        <Entry CastShadows="true" Collides="true" File="static_objects/robot/floor/floor_wall_welder_med.dae" IsOccluder="true" />
        <Entry CastShadows="true" Collides="true" File="static_objects/robot/floor/metal_sheet.dae" IsOccluder="true" />
        <Entry CastShadows="true" Collides="true" File="static_objects/robot/floor/robot_tutorial_floor_extra01.dae" IsOccluder="true" />
        <Entry CastShadows="true" Collides="true" File="static_objects/robot/floor/robot_tutorial_floor_extra02.dae" IsOccluder="true" />
        <Entry CastShadows="true" Collides="true" File="static_objects/robot/infections/wau_infections_debris_scales_few_wall01.dae" IsOccluder="true" />
        <Entry CastShadows="true" Collides="true" File="static_objects/robot/infections/wau_infections_debris_scales_wall01.dae" IsOccluder="true" />
        <Entry CastShadows="true" Collides="true" File="static_objects/robot/infections/wau_infections_debris_wall01.dae" IsOccluder="true" />
        <Entry CastShadows="true" Collides="true" File="static_objects/robot/infections/wau_infections_debris_wall01_nogirders.dae" IsOccluder="true" />
        <Entry CastShadows="true" Collides="true" File="static_objects/robot/infections/wau_infections_debris_wall01_scales.dae" IsOccluder="true" />
        <Entry CastShadows="true" Collides="true" File="static_objects/robot/infections/wau_infections_debris_wall01_wauonly.dae" IsOccluder="true" />
        <Entry CastShadows="true" Collides="true" File="static_objects/robot/infections/wau_infections_debris_wall02.dae" IsOccluder="true" />
        <Entry CastShadows="true" Collides="true" File="static_objects/robot/infections/wau_infections_debris_wall02_scales.dae" IsOccluder="true" />
        <Entry CastShadows="true" Collides="true" File="static_objects/robot/infections/wau_infections_debris_wall03.dae" IsOccluder="true" />
        <Entry CastShadows="true" Collides="true" File="static_objects/robot/infections/wau_infections_debris_wall03_nogirders.dae" IsOccluder="true" />
        <Entry CastShadows="true" Collides="true" File="static_objects/robot/infections/wau_infections_debris_wall03_scales.dae" IsOccluder="true" />
        <Entry CastShadows="true" Collides="true" File="static_objects/robot/infections/wau_infections_debris_wall04.dae" IsOccluder="true" />
        <Entry CastShadows="true" Collides="true" File="static_objects/robot/infections/wau_infections_debris_wall04_norgirders.dae" IsOccluder="true" />
        <Entry CastShadows="true" Collides="true" File="static_objects/robot/infections/wau_infections_debris_wall04_scales.dae" IsOccluder="true" />
        <Entry CastShadows="true" Collides="true" File="static_objects/robot/infections/wau_infections_debris_wall04_wauonly.dae" IsOccluder="true" />
        <Entry CastShadows="true" Collides="true" File="static_objects/robot/infections/wau_structure_debris_wall01.dae" IsOccluder="true" />
        <Entry CastShadows="true" Collides="true" File="static_objects/robot/machine/machine_parts.dae" IsOccluder="true" />
        <Entry CastShadows="true" Collides="true" File="static_objects/robot/pipes/poseable_robot_pipe_moving_thick.dae" IsOccluder="true" />
        <Entry CastShadows="true" Collides="true" File="static_objects/robot/pipes/poseable_robot_pipe_normal_long.dae" IsOccluder="true" />
        <Entry CastShadows="true" Collides="true" File="static_objects/robot/pipes/poseable_robot_pipe_thin_long.dae" IsOccluder="true" />
        <Entry CastShadows="true" Collides="true" File="static_objects/robot/pipes/robot_pipe_mount.dae" IsOccluder="true" />
        <Entry CastShadows="true" Collides="true" File="static_objects/robot/pipes/robot_pipe_normal.dae" IsOccluder="true" />
        <Entry CastShadows="true" Collides="true" File="static_objects/robot/pipes/robot_pipe_normal02.dae" IsOccluder="true" />
        <Entry CastShadows="true" Collides="true" File="static_objects/robot/pipes/robot_pipe_normal_bend.dae" IsOccluder="true" />
        <Entry CastShadows="true" Collides="true" File="static_objects/robot/pipes/robot_pipe_normal_bend02.dae" IsOccluder="true" />
        <Entry CastShadows="true" Collides="true" File="static_objects/robot/pipes/robot_pipe_normal_bend_long.dae" IsOccluder="true" />
        <Entry CastShadows="true" Collides="true" File="static_objects/robot/pipes/robot_pipe_normal_bend_long02.dae" IsOccluder="true" />
        <Entry CastShadows="true" Collides="true" File="static_objects/robot/pipes/robot_pipe_normal_long.dae" IsOccluder="true" />
        <Entry CastShadows="true" Collides="true" File="static_objects/robot/pipes/robot_pipe_normal_long02.dae" IsOccluder="true" />
        <Entry CastShadows="true" Collides="true" File="static_objects/robot/pipes/robot_pipe_thick.dae" IsOccluder="true" />
        <Entry CastShadows="true" Collides="true" File="static_objects/robot/pipes/robot_pipe_thick02.dae" IsOccluder="true" />
        <Entry CastShadows="true" Collides="true" File="static_objects/robot/pipes/robot_pipe_thick_bend.dae" IsOccluder="true" />
        <Entry CastShadows="true" Collides="true" File="static_objects/robot/pipes/robot_pipe_thick_bend_long.dae" IsOccluder="true" />
        <Entry CastShadows="true" Collides="true" File="static_objects/robot/pipes/robot_pipe_thick_bend_tight.dae" IsOccluder="true" />
        <Entry CastShadows="true" Collides="true" File="static_objects/robot/pipes/robot_pipe_thick_irregular01.dae" IsOccluder="true" />
        <Entry CastShadows="true" Collides="true" File="static_objects/robot/pipes/robot_pipe_thick_irregular02.dae" IsOccluder="true" />
        <Entry CastShadows="true" Collides="true" File="static_objects/robot/pipes/robot_pipe_thick_long.dae" IsOccluder="true" />
        <Entry CastShadows="true" Collides="true" File="static_objects/robot/pipes/robot_pipe_thick_short.dae" IsOccluder="true" />
        <Entry CastShadows="true" Collides="true" File="static_objects/robot/pipes/special_teaser_brain_room_floor_pipes.dae" IsOccluder="true" />
        <Entry CastShadows="true" Collides="true" File="static_objects/robot/skyrail/skyrail_extension_doorway.dae" IsOccluder="true" />
        <Entry CastShadows="true" Collides="true" File="static_objects/robot/skyrail/skyrail_girder.dae" IsOccluder="true" />
        <Entry CastShadows="true" Collides="true" File="static_objects/robot/skyrail/skyrail_girder_bend_left.dae" IsOccluder="true" />
        <Entry CastShadows="true" Collides="true" File="static_objects/robot/skyrail/skyrail_girder_bend_right.dae" IsOccluder="true" />
        <Entry CastShadows="true" Collides="true" File="static_objects/robot/skyrail/skyrail_machine.dae" IsOccluder="true" />
        <Entry CastShadows="true" Collides="true" File="static_objects/robot/special/01_01_ceiling_damaged.dae" IsOccluder="true" />
        <Entry CastShadows="true" Collides="true" File="static_objects/robot/special/01_01_concrete_pillar_large.dae" IsOccluder="true" />
        <Entry CastShadows="true" Collides="true" File="static_objects/robot/special/01_01_concrete_pillar_medium.dae" IsOccluder="true" />
        <Entry CastShadows="true" Collides="true" File="static_objects/robot/special/01_01_concrete_pillar_rebar_end01.dae" IsOccluder="true" />
        <Entry CastShadows="true" Collides="true" File="static_objects/robot/special/01_01_concrete_pillar_rebar_end02.dae" IsOccluder="true" />
        <Entry CastShadows="true" Collides="true" File="static_objects/robot/special/01_01_dark_tunnel.dae" IsOccluder="true" />
        <Entry CastShadows="true" Collides="true" File="static_objects/robot/special/01_01_david_room_floor.dae" IsOccluder="true" />
        <Entry CastShadows="true" Collides="true" File="static_objects/robot/special/01_01_david_room_floor_center.dae" IsOccluder="true" />
        <Entry CastShadows="true" Collides="true" File="static_objects/robot/special/01_01_elevator_room.dae" IsOccluder="true" />
        <Entry CastShadows="true" Collides="true" File="static_objects/robot/special/01_01_skyrail_machine_exit_wall.dae" IsOccluder="true" />
        <Entry CastShadows="true" Collides="true" File="static_objects/robot/special/01_01_tunnel_exit_extension.dae" IsOccluder="true" />
        <Entry CastShadows="true" Collides="true" File="static_objects/robot/special/01_01_waitingroom_flat_short_robot_tunnel.dae" IsOccluder="true" />
        <Entry CastShadows="true" Collides="true" File="static_objects/robot/special/04_03_floor_round_hole.dae" IsOccluder="true" />
        <Entry CastShadows="true" Collides="true" File="static_objects/robot/special/04_03_pedestal.DAE" IsOccluder="true" />
        <Entry CastShadows="true" Collides="true" File="static_objects/robot/special/04_03_ring.DAE" IsOccluder="true" />
        <Entry CastShadows="true" Collides="true" File="static_objects/robot/special/_temp.dae" IsOccluder="true" />
        <Entry CastShadows="true" Collides="true" File="static_objects/robot/special/bottomles_pit.dae" IsOccluder="true" />
        <Entry CastShadows="true" Collides="true" File="static_objects/robot/special/dead_end.dae" IsOccluder="true" />
        <Entry CastShadows="true" Collides="true" File="static_objects/robot/special/default_damaged.dae" IsOccluder="true" />
        <Entry CastShadows="true" Collides="true" File="static_objects/robot/special/doorframe_ceiling.dae" IsOccluder="true" />
        <Entry CastShadows="true" Collides="true" File="static_objects/robot/special/extension_corner_concave_damaged.dae" IsOccluder="true" />
        <Entry CastShadows="true" Collides="true" File="static_objects/robot/special/floor_04_03_hearthroom.DAE" IsOccluder="true" />
        <Entry CastShadows="true" Collides="true" File="static_objects/robot/special/floor_04_03_hearthroom_dome.DAE" IsOccluder="true" />
        <Entry CastShadows="true" Collides="true" File="static_objects/robot/special/floor_round_hole.dae" IsOccluder="true" />
        <Entry CastShadows="true" Collides="true" File="static_objects/robot/special/floor_round_hole_nocables.dae" IsOccluder="true" />
        <Entry CastShadows="true" Collides="true" File="static_objects/robot/special/special_dooropening_hearthroom.DAE" IsOccluder="true" />
        <Entry CastShadows="true" Collides="true" File="static_objects/robot/special/teaser_brain_room_ceiling.dae" IsOccluder="true" />
        <Entry CastShadows="true" Collides="true" File="static_objects/robot/special/teaser_brain_room_floor.dae" IsOccluder="true" />
        <Entry CastShadows="true" Collides="true" File="static_objects/robot/special/tunnel_01_01_squeezed.dae" IsOccluder="true" />
        <Entry CastShadows="true" Collides="true" File="static_objects/robot/special/tunnel_01_02.dae" IsOccluder="true" />
        <Entry CastShadows="true" Collides="true" File="static_objects/robot/special/tunnel_01_02_black_bg.dae" IsOccluder="true" />
        <Entry CastShadows="true" Collides="true" File="static_objects/robot/special/tunnel_01_02_extra01.dae" IsOccluder="true" />
        <Entry CastShadows="true" Collides="true" File="static_objects/robot/special/tunnel_01_02_extra02.dae" IsOccluder="true" />
        <Entry CastShadows="true" Collides="true" File="static_objects/robot/special/tunnel_01_02_extra03.dae" IsOccluder="true" />
        <Entry CastShadows="true" Collides="true" File="static_objects/robot/special/tunnel_01_02_part_01.dae" IsOccluder="true" />
        <Entry CastShadows="true" Collides="true" File="static_objects/robot/special/tunnel_01_02_part_02.dae" IsOccluder="true" />
        <Entry CastShadows="true" Collides="true" File="static_objects/robot/special/tunnel_01_02_part_03.dae" IsOccluder="true" />
        <Entry CastShadows="true" Collides="true" File="static_objects/robot/special/tunnel_exit_extension.dae" IsOccluder="true" />
        <Entry CastShadows="true" Collides="true" File="static_objects/robot/special/tunnel_exit_extension_low - Copy.dae" IsOccluder="true" />
        <Entry CastShadows="true" Collides="true" File="static_objects/robot/special/tunnel_exit_extension_low.dae" IsOccluder="true" />
        <Entry CastShadows="true" Collides="true" File="static_objects/robot/special/tunnel_exit_pplant.dae" IsOccluder="true" />
        <Entry CastShadows="true" Collides="true" File="static_objects/robot/special/tunnel_exit_waiting_room.dae" IsOccluder="true" />
        <Entry CastShadows="true" Collides="true" File="static_objects/robot/special/tunnel_exit_wall.dae" IsOccluder="true" />
        <Entry CastShadows="true" Collides="true" File="static_objects/robot/special/tunnel_straight.dae" IsOccluder="true" />
        <Entry CastShadows="true" Collides="true" File="static_objects/robot/special/tunnel_straight_end.dae" IsOccluder="true" />
        <Entry CastShadows="true" Collides="true" File="static_objects/robot/special/tunnel_straight_start.dae" IsOccluder="true" />
        <Entry CastShadows="true" Collides="true" File="static_objects/robot/special/tunnel_turn_45.dae" IsOccluder="true" />
        <Entry CastShadows="true" Collides="true" File="static_objects/robot/special/tunnel_turn_90.dae" IsOccluder="true" />
        <Entry CastShadows="true" Collides="true" File="static_objects/robot/special/tunnel_turn_90_end.dae" IsOccluder="true" />
        <Entry CastShadows="true" Collides="true" File="static_objects/robot/special/tunnel_turn_90_short.dae" IsOccluder="true" />
        <Entry CastShadows="true" Collides="true" File="static_objects/robot/special/tutorial_room_wall.dae" IsOccluder="true" />
        <Entry CastShadows="true" Collides="true" File="static_objects/robot/special/tutorial_room_wall_debris01.dae" IsOccluder="true" />
        <Entry CastShadows="true" Collides="true" File="static_objects/robot/special/tutorial_room_wall_debris02.dae" IsOccluder="true" />
        <Entry CastShadows="true" Collides="true" File="static_objects/robot/special/tutorial_room_wall_debris03.dae" IsOccluder="true" />
        <Entry CastShadows="true" Collides="true" File="static_objects/robot/special/tutorial_room_wall_debris04.dae" IsOccluder="true" />
        <Entry CastShadows="true" Collides="true" File="static_objects/robot/special/tutorial_room_wall_debris05.dae" IsOccluder="true" />
        <Entry CastShadows="true" Collides="true" File="static_objects/robot/special/tutorial_room_wall_debris06.dae" IsOccluder="true" />
        <Entry CastShadows="true" Collides="true" File="static_objects/robot/special/tutorial_room_wall_doorway.dae" IsOccluder="true" />
        <Entry CastShadows="true" Collides="true" File="static_objects/robot/spine/_temp.dae" IsOccluder="true" />
        <Entry CastShadows="true" Collides="true" File="static_objects/robot/spine/spine_45_down_long.dae" IsOccluder="true" />
        <Entry CastShadows="true" Collides="true" File="static_objects/robot/spine/spine_45_up_long.dae" IsOccluder="true" />
        <Entry CastShadows="true" Collides="true" File="static_objects/robot/spine/spine_90_down.dae" IsOccluder="true" />
        <Entry CastShadows="true" Collides="true" File="static_objects/robot/spine/spine_90_left.dae" IsOccluder="true" />
        <Entry CastShadows="true" Collides="true" File="static_objects/robot/spine/spine_90_right.dae" IsOccluder="true" />
        <Entry CastShadows="true" Collides="true" File="static_objects/robot/spine/spine_90_up.dae" IsOccluder="true" />
        <Entry CastShadows="true" Collides="true" File="static_objects/robot/spine/spine_backbone01.dae" IsOccluder="true" />
        <Entry CastShadows="true" Collides="true" File="static_objects/robot/spine/spine_backbone02.dae" IsOccluder="true" />
        <Entry CastShadows="true" Collides="true" File="static_objects/robot/spine/spine_backbone_end01.dae" IsOccluder="true" />
        <Entry CastShadows="true" Collides="true" File="static_objects/robot/spine/spine_backbone_vertebrae01.dae" IsOccluder="true" />
        <Entry CastShadows="true" Collides="true" File="static_objects/robot/spine/spine_ribs01.dae" IsOccluder="true" />
        <Entry CastShadows="true" Collides="true" File="static_objects/robot/spine/spine_ribs02.dae" IsOccluder="true" />
        <Entry CastShadows="true" Collides="true" File="static_objects/robot/spine/spine_s_long.dae" IsOccluder="true" />
        <Entry CastShadows="true" Collides="true" File="static_objects/robot/spine/spine_s_long_vertebrae.dae" IsOccluder="true" />
        <Entry CastShadows="true" Collides="true" File="static_objects/robot/spine/spine_scale01_left.dae" IsOccluder="true" />
        <Entry CastShadows="true" Collides="true" File="static_objects/robot/spine/spine_scale01_right.dae" IsOccluder="true" />
        <Entry CastShadows="true" Collides="true" File="static_objects/robot/spine/spine_scale02_left.dae" IsOccluder="true" />
        <Entry CastShadows="true" Collides="true" File="static_objects/robot/spine/spine_scale02_right.dae" IsOccluder="true" />
        <Entry CastShadows="true" Collides="true" File="static_objects/robot/spine/spine_scale03_left.dae" IsOccluder="true" />
        <Entry CastShadows="true" Collides="true" File="static_objects/robot/spine/spine_scale03_right.dae" IsOccluder="true" />
        <Entry CastShadows="true" Collides="true" File="static_objects/robot/spine/spine_straight_long.dae" IsOccluder="true" />
        <Entry CastShadows="true" Collides="true" File="static_objects/robot/spine/spine_straight_short.dae" IsOccluder="true" />
        <Entry CastShadows="true" Collides="true" File="static_objects/robot/tentacle/branch_irregular01.dae" IsOccluder="true" />
        <Entry CastShadows="true" Collides="true" File="static_objects/robot/tentacle/large_180_down.dae" IsOccluder="true" />
        <Entry CastShadows="true" Collides="true" File="static_objects/robot/tentacle/large_180_up.dae" IsOccluder="true" />
        <Entry CastShadows="true" Collides="true" File="static_objects/robot/tentacle/large_45_left.dae" IsOccluder="true" />
        <Entry CastShadows="true" Collides="true" File="static_objects/robot/tentacle/large_45_right.dae" IsOccluder="true" />
        <Entry CastShadows="true" Collides="true" File="static_objects/robot/tentacle/large_90_down.dae" IsOccluder="true" />
        <Entry CastShadows="true" Collides="true" File="static_objects/robot/tentacle/large_90_left.dae" IsOccluder="true" />
        <Entry CastShadows="true" Collides="true" File="static_objects/robot/tentacle/large_90_right.dae" IsOccluder="true" />
        <Entry CastShadows="true" Collides="true" File="static_objects/robot/tentacle/large_90_up.dae" IsOccluder="true" />
        <Entry CastShadows="true" Collides="true" File="static_objects/robot/tentacle/large_end.dae" IsOccluder="true" />
        <Entry CastShadows="true" Collides="true" File="static_objects/robot/tentacle/large_irregular_long.dae" IsOccluder="true" />
        <Entry CastShadows="true" Collides="true" File="static_objects/robot/tentacle/large_straight_long.dae" IsOccluder="true" />
        <Entry CastShadows="true" Collides="true" File="static_objects/robot/tentacle/large_straight_short.dae" IsOccluder="true" />
        <Entry CastShadows="true" Collides="true" File="static_objects/robot/tentacle/leech_cable_45_left_short.dae" IsOccluder="true" />
        <Entry CastShadows="true" Collides="true" File="static_objects/robot/tentacle/leech_cable_45_right_short.dae" IsOccluder="true" />
        <Entry CastShadows="true" Collides="true" File="static_objects/robot/tentacle/leech_cable_90_left_long.dae" IsOccluder="true" />
        <Entry CastShadows="true" Collides="true" File="static_objects/robot/tentacle/leech_cable_90_left_short.dae" IsOccluder="true" />
        <Entry CastShadows="true" Collides="true" File="static_objects/robot/tentacle/leech_cable_90_right_long.dae" IsOccluder="true" />
        <Entry CastShadows="true" Collides="true" File="static_objects/robot/tentacle/leech_cable_90_right_short.dae" IsOccluder="true" />
        <Entry CastShadows="true" Collides="true" File="static_objects/robot/tentacle/leech_cable_end.dae" IsOccluder="true" />
        <Entry CastShadows="true" Collides="true" File="static_objects/robot/tentacle/leech_cable_long.dae" IsOccluder="true" />
        <Entry CastShadows="true" Collides="true" File="static_objects/robot/tentacle/leech_cable_s_short_left.dae" IsOccluder="true" />
        <Entry CastShadows="true" Collides="true" File="static_objects/robot/tentacle/leech_cable_s_short_right.dae" IsOccluder="true" />
        <Entry CastShadows="true" Collides="true" File="static_objects/robot/tentacle/leech_cable_short.dae" IsOccluder="true" />
        <Entry CastShadows="true" Collides="true" File="static_objects/robot/tentacle/tentacle02_animated_uv.dae" IsOccluder="true" />
        <Entry CastShadows="true" Collides="true" File="static_objects/robot/trim/trim_bars.dae" IsOccluder="true" />
        <Entry CastShadows="true" Collides="true" File="static_objects/robot/trim/trim_bars_x_halfcircle.dae" IsOccluder="true" />
        <Entry CastShadows="true" Collides="true" File="static_objects/robot/trim/trim_pipe.dae" IsOccluder="true" />
        <Entry CastShadows="true" Collides="true" File="static_objects/robot/walkway/walkway_plateau.dae" IsOccluder="true" />
        <Entry CastShadows="true" Collides="true" File="static_objects/robot/walkway/walkway_plateau_corner.dae" IsOccluder="true" />
        <Entry CastShadows="true" Collides="true" File="static_objects/robot/walkway/walkway_plateau_end.dae" IsOccluder="true" />
        <Entry CastShadows="true" Collides="true" File="static_objects/robot/walkway/walkway_railing_long.dae" IsOccluder="true" />
        <Entry CastShadows="true" Collides="true" File="static_objects/robot/walkway/walkway_railing_short.dae" IsOccluder="true" />
        <Entry CastShadows="true" Collides="true" File="static_objects/robot/walkway/walkway_railing_vertical.dae" IsOccluder="true" />
        <Entry CastShadows="true" Collides="true" File="static_objects/robot/walls/_temp.dae" IsOccluder="true" />
        <Entry CastShadows="true" Collides="true" File="static_objects/robot/walls/corner_concave.dae" IsOccluder="true" />
        <Entry CastShadows="true" Collides="true" File="static_objects/robot/walls/corner_convex.dae" IsOccluder="true" />
        <Entry CastShadows="true" Collides="true" File="static_objects/robot/walls/default.dae" IsOccluder="true" />
        <Entry CastShadows="true" Collides="true" File="static_objects/robot/walls/default_doorway.dae" IsOccluder="true" />
        <Entry CastShadows="true" Collides="true" File="static_objects/robot/walls/default_no_welders.dae" IsOccluder="true" />
        <Entry CastShadows="true" Collides="true" File="static_objects/robot/walls/default_no_welders_low_ao.dae" IsOccluder="true" />
        <Entry CastShadows="true" Collides="true" File="static_objects/robot/walls/default_skewed_left.dae" IsOccluder="true" />
        <Entry CastShadows="true" Collides="true" File="static_objects/robot/walls/default_skewed_right.dae" IsOccluder="true" />
        <Entry CastShadows="true" Collides="true" File="static_objects/robot/walls/default_worn.dae" IsOccluder="true" />
        <Entry CastShadows="true" Collides="true" File="static_objects/robot/walls/doorframe.dae" IsOccluder="true" />
        <Entry CastShadows="true" Collides="true" File="static_objects/robot/walls/doorframe_curved.dae" IsOccluder="true" />
        <Entry CastShadows="true" Collides="true" File="static_objects/robot/walls/extension.dae" IsOccluder="true" />
        <Entry CastShadows="true" Collides="true" File="static_objects/robot/walls/extension_corner_concave.dae" IsOccluder="true" />
        <Entry CastShadows="true" Collides="true" File="static_objects/robot/walls/extension_corner_convex.dae" IsOccluder="true" />
        <Entry CastShadows="true" Collides="true" File="static_objects/robot/walls/extension_doorway.dae" IsOccluder="true" />
        <Entry CastShadows="true" Collides="true" File="static_objects/robot/walls/extension_small.dae" IsOccluder="true" />
        <Entry CastShadows="true" Collides="true" File="static_objects/robot/walls/extension_small_corner_concave.dae" IsOccluder="true" />
        <Entry CastShadows="true" Collides="true" File="static_objects/robot/walls/extension_small_corner_convex.dae" IsOccluder="true" />
        <Entry CastShadows="true" Collides="true" File="static_objects/robot/walls/short.dae" IsOccluder="true" />
        <Entry CastShadows="true" Collides="true" File="static_objects/robot/walls/short02.dae" IsOccluder="true" />
        <Entry CastShadows="true" Collides="true" File="static_objects/robot/walls/short03.dae" IsOccluder="true" />
        <Entry CastShadows="true" Collides="true" File="static_objects/robot/walls/short_extra.dae" IsOccluder="true" />
        <Entry CastShadows="true" Collides="true" File="static_objects/robot/walls/short_spine.dae" IsOccluder="true" />
        <Entry CastShadows="true" Collides="true" File="static_objects/robot/walls/teaser_corpse_room_concave.dae" IsOccluder="true" />
        <Entry CastShadows="true" Collides="true" File="static_objects/robot/walls/teaser_corpse_room_convex.dae" IsOccluder="true" />
        <Entry CastShadows="true" Collides="true" File="static_objects/robot/walls/teaser_corpse_room_default.dae" IsOccluder="true" />
        <Entry CastShadows="true" Collides="true" File="static_objects/robot/walls/teaser_corpse_room_doorway.dae" IsOccluder="true" />
        <Entry CastShadows="true" Collides="true" File="static_objects/robot/walls/teaser_corpse_room_small.dae" IsOccluder="true" />
        <Entry CastShadows="true" Collides="true" File="static_objects/robot/walls/teaser_wall_hole.dae" IsOccluder="true" />
        <Entry CastShadows="true" Collides="true" File="static_objects/robot/walls/tile_plate_default.dae" IsOccluder="true" />
        <Entry CastShadows="true" Collides="true" File="static_objects/robot/walls/tile_plate_dome.dae" IsOccluder="true" />
        <Entry CastShadows="true" Collides="true" File="static_objects/robot/walls/tile_plate_x_half_circle.dae" IsOccluder="true" />
        <Entry CastShadows="true" Collides="true" File="static_objects/robot/walls/tile_plate_x_half_circle_door.dae" IsOccluder="true" />
        <Entry CastShadows="true" Collides="true" File="static_objects/shipwreck/cables/cable_long.dae" IsOccluder="true" />
        <Entry CastShadows="true" Collides="true" File="static_objects/shipwreck/cables/cable_long_bend.dae" IsOccluder="true" />
        <Entry CastShadows="true" Collides="true" File="static_objects/shipwreck/cables/cable_medium.dae" IsOccluder="true" />
        <Entry CastShadows="true" Collides="true" File="static_objects/shipwreck/cables/cable_medium_bend.dae" IsOccluder="true" />
        <Entry CastShadows="true" Collides="true" File="static_objects/shipwreck/cables/cable_small.dae" IsOccluder="true" />
        <Entry CastShadows="true" Collides="true" File="static_objects/shipwreck/cables/cable_small_bend.dae" IsOccluder="true" />
        <Entry CastShadows="true" Collides="true" File="static_objects/shipwreck/cables/cable_small_open01.dae" IsOccluder="true" />
        <Entry CastShadows="true" Collides="true" File="static_objects/shipwreck/cables/cable_tiny_bend.dae" IsOccluder="true" />
        <Entry CastShadows="true" Collides="true" File="static_objects/shipwreck/ceiling/iron_beam.dae" IsOccluder="true" />
        <Entry CastShadows="true" Collides="true" File="static_objects/shipwreck/ceiling/iron_beam_x.dae" IsOccluder="true" />
        <Entry CastShadows="true" Collides="true" File="static_objects/shipwreck/ceiling/shaft_entrance.dae" IsOccluder="true" />
        <Entry CastShadows="true" Collides="true" File="static_objects/shipwreck/details/net_cover_oval.dae" IsOccluder="true" />
        <Entry CastShadows="true" Collides="true" File="static_objects/shipwreck/details/net_cover_oval_small.dae" IsOccluder="true" />
        <Entry CastShadows="true" Collides="true" File="static_objects/shipwreck/details/net_cover_square.dae" IsOccluder="true" />
        <Entry CastShadows="true" Collides="true" File="static_objects/shipwreck/details/net_cover_square_holed.dae" IsOccluder="true" />
        <Entry CastShadows="true" Collides="true" File="static_objects/shipwreck/details/net_cover_square_holed02.dae" IsOccluder="true" />
        <Entry CastShadows="true" Collides="true" File="static_objects/shipwreck/details/net_cover_square_holed_big.dae" IsOccluder="true" />
        <Entry CastShadows="true" Collides="true" File="static_objects/shipwreck/details/net_cover_square_holed_small.dae" IsOccluder="true" />
        <Entry CastShadows="true" Collides="true" File="static_objects/shipwreck/details/shipwreck_net_hanging.DAE" IsOccluder="true" />
        <Entry CastShadows="true" Collides="true" File="static_objects/shipwreck/details/shipwreck_railing_support.DAE" IsOccluder="true" />
        <Entry CastShadows="true" Collides="true" File="static_objects/shipwreck/details/wallsupport_addon_bent.DAE" IsOccluder="true" />
        <Entry CastShadows="true" Collides="true" File="static_objects/shipwreck/details/wallsupport_addon_bent_bridge.DAE" IsOccluder="true" />
        <Entry CastShadows="true" Collides="true" File="static_objects/shipwreck/details/wallsupport_addon_straight.DAE" IsOccluder="true" />
        <Entry CastShadows="true" Collides="true" File="static_objects/shipwreck/floor/angle_iron_corner.dae" IsOccluder="true" />
        <Entry CastShadows="true" Collides="true" File="static_objects/shipwreck/floor/angle_iron_long.dae" IsOccluder="true" />
        <Entry CastShadows="true" Collides="true" File="static_objects/shipwreck/floor/angle_iron_medium.dae" IsOccluder="true" />
        <Entry CastShadows="true" Collides="true" File="static_objects/shipwreck/floor/angle_iron_mini.dae" IsOccluder="true" />
        <Entry CastShadows="true" Collides="true" File="static_objects/shipwreck/floor/angle_iron_short.dae" IsOccluder="true" />
        <Entry CastShadows="false" Collides="true" File="static_objects/shipwreck/floor/floor01_end.dae" IsOccluder="true" />
        <Entry CastShadows="false" Collides="true" File="static_objects/shipwreck/floor/floor01_extension.dae" IsOccluder="true" />
        <Entry CastShadows="false" Collides="true" File="static_objects/shipwreck/floor/floor01_solid.dae" IsOccluder="true" />
        <Entry CastShadows="false" Collides="true" File="static_objects/shipwreck/floor/floor02_end.dae" IsOccluder="true" />
        <Entry CastShadows="true" Collides="true" File="static_objects/shipwreck/floor/floor02_end_damaged.dae" IsOccluder="true" />
        <Entry CastShadows="false" Collides="true" File="static_objects/shipwreck/floor/floor02_extension.dae" IsOccluder="true" />
        <Entry CastShadows="false" Collides="true" File="static_objects/shipwreck/floor/floor03_solid.dae" IsOccluder="true" />
        <Entry CastShadows="true" Collides="true" File="static_objects/shipwreck/floor/floor_window.dae" IsOccluder="true" />
        <Entry CastShadows="true" Collides="true" File="static_objects/shipwreck/girder/thick_girder_foot.dae" IsOccluder="true" />
        <Entry CastShadows="true" Collides="true" File="static_objects/shipwreck/girder/thick_girder_long.dae" IsOccluder="true" />
        <Entry CastShadows="true" Collides="true" File="static_objects/shipwreck/girder/thick_girder_long_bent.dae" IsOccluder="true" />
        <Entry CastShadows="true" Collides="true" File="static_objects/shipwreck/girder/thick_girder_medium.dae" IsOccluder="true" />
        <Entry CastShadows="true" Collides="true" File="static_objects/shipwreck/girder/thick_girder_short.dae" IsOccluder="true" />
        <Entry CastShadows="true" Collides="true" File="static_objects/shipwreck/girder/thin_girder_long.dae" IsOccluder="true" />
        <Entry CastShadows="true" Collides="true" File="static_objects/shipwreck/girder/thin_girder_long_bent.dae" IsOccluder="true" />
        <Entry CastShadows="true" Collides="true" File="static_objects/shipwreck/girder/thin_girder_medium.dae" IsOccluder="true" />
        <Entry CastShadows="true" Collides="true" File="static_objects/shipwreck/girder/thin_girder_supporter.dae" IsOccluder="true" />
        <Entry CastShadows="true" Collides="true" File="static_objects/shipwreck/panels/bridge_panel_large01.dae" IsOccluder="true" />
        <Entry CastShadows="true" Collides="true" File="static_objects/shipwreck/panels/bridge_panel_large02.dae" IsOccluder="true" />
        <Entry CastShadows="true" Collides="true" File="static_objects/shipwreck/panels/bridge_panel_large_curved.dae" IsOccluder="true" />
        <Entry CastShadows="true" Collides="true" File="static_objects/shipwreck/panels/bridge_panel_small01.dae" IsOccluder="true" />
        <Entry CastShadows="true" Collides="true" File="static_objects/shipwreck/pipes/pipe_3way.dae" IsOccluder="true" />
        <Entry CastShadows="true" Collides="true" File="static_objects/shipwreck/pipes/pipe_4way.dae" IsOccluder="true" />
        <Entry CastShadows="true" Collides="true" File="static_objects/shipwreck/pipes/pipe_detail01.dae" IsOccluder="true" />
        <Entry CastShadows="true" Collides="true" File="static_objects/shipwreck/pipes/pipe_holder01.dae" IsOccluder="true" />
        <Entry CastShadows="true" Collides="true" File="static_objects/shipwreck/pipes/pipe_holder01_extension.dae" IsOccluder="true" />
        <Entry CastShadows="true" Collides="true" File="static_objects/shipwreck/pipes/pipe_large_ceiling.dae" IsOccluder="true" />
        <Entry CastShadows="true" Collides="true" File="static_objects/shipwreck/pipes/pipe_long.dae" IsOccluder="true" />
        <Entry CastShadows="true" Collides="true" File="static_objects/shipwreck/pipes/pipe_medium.dae" IsOccluder="true" />
        <Entry CastShadows="true" Collides="true" File="static_objects/shipwreck/pipes/pipe_medium_bend.dae" IsOccluder="true" />
        <Entry CastShadows="true" Collides="true" File="static_objects/shipwreck/pipes/pipe_medium_broken01.dae" IsOccluder="true" />
        <Entry CastShadows="true" Collides="true" File="static_objects/shipwreck/pipes/pipe_short.dae" IsOccluder="true" />
        <Entry CastShadows="true" Collides="true" File="static_objects/shipwreck/pipes/pipe_short_bend.dae" IsOccluder="true" />
        <Entry CastShadows="true" Collides="true" File="static_objects/shipwreck/pipes/pipe_short_bend_open.dae" IsOccluder="true" />
        <Entry CastShadows="true" Collides="true" File="static_objects/shipwreck/pipes/pipe_short_littlebend.dae" IsOccluder="true" />
        <Entry CastShadows="true" Collides="true" File="static_objects/shipwreck/pipes/pipe_valve.dae" IsOccluder="true" />
        <Entry CastShadows="true" Collides="true" File="static_objects/shipwreck/pipes/shipwreck_pipe_plastic_bend.DAE" IsOccluder="true" />
        <Entry CastShadows="true" Collides="true" File="static_objects/shipwreck/pipes/shipwreck_pipe_plastic_bend_small.DAE" IsOccluder="true" />
        <Entry CastShadows="true" Collides="true" File="static_objects/shipwreck/pipes/shipwreck_pipe_plastic_long.DAE" IsOccluder="true" />
        <Entry CastShadows="true" Collides="true" File="static_objects/shipwreck/pipes/shipwreck_pipe_plastic_short.DAE" IsOccluder="true" />
        <Entry CastShadows="true" Collides="true" File="static_objects/shipwreck/pipes/small_yellow_90_front.dae" IsOccluder="true" />
        <Entry CastShadows="true" Collides="true" File="static_objects/shipwreck/pipes/small_yellow_90_left.dae" IsOccluder="true" />
        <Entry CastShadows="true" Collides="true" File="static_objects/shipwreck/pipes/small_yellow_90_right.dae" IsOccluder="true" />
        <Entry CastShadows="true" Collides="true" File="static_objects/shipwreck/pipes/small_yellow_long.dae" IsOccluder="true" />
        <Entry CastShadows="true" Collides="true" File="static_objects/shipwreck/pipes/small_yellow_long_damaged01.dae" IsOccluder="true" />
        <Entry CastShadows="true" Collides="true" File="static_objects/shipwreck/pipes/small_yellow_short.dae" IsOccluder="true" />
        <Entry CastShadows="true" Collides="true" File="static_objects/shipwreck/pipes/small_yellow_short_damaged01.dae" IsOccluder="true" />
        <Entry CastShadows="true" Collides="true" File="static_objects/shipwreck/pipes/small_yellow_short_damaged02.dae" IsOccluder="true" />
        <Entry CastShadows="true" Collides="true" File="static_objects/shipwreck/special/02_02_glass_entranceroom.DAE" IsOccluder="true" />
        <Entry CastShadows="true" Collides="true" File="static_objects/shipwreck/special/02_02_reactor_broken_wall.dae" IsOccluder="true" />
        <Entry CastShadows="true" Collides="true" File="static_objects/shipwreck/special/sunken_locker.dae" IsOccluder="true" />
        <Entry CastShadows="true" Collides="true" File="static_objects/shipwreck/special/sunken_window_wall01.dae" IsOccluder="true" />
        <Entry CastShadows="true" Collides="true" File="static_objects/shipwreck/special/tunnel_wall.dae" IsOccluder="true" />
        <Entry CastShadows="true" Collides="true" File="static_objects/shipwreck/special/tunnel_wall_extension.dae" IsOccluder="true" />
        <Entry CastShadows="true" Collides="true" File="static_objects/shipwreck/special/ventilation.dae" IsOccluder="true" />
        <Entry CastShadows="true" Collides="true" File="static_objects/shipwreck/special/ventilation_tunnel.dae" IsOccluder="true" />
        <Entry CastShadows="true" Collides="true" File="static_objects/shipwreck/special/ventilation_tunnel_Tsection.dae" IsOccluder="true" />
        <Entry CastShadows="true" Collides="true" File="static_objects/shipwreck/special/ventilation_tunnel_short.dae" IsOccluder="true" />
        <Entry CastShadows="true" Collides="true" File="static_objects/shipwreck/special/ventilation_tunnel_short02.dae" IsOccluder="true" />
        <Entry CastShadows="true" Collides="true" File="static_objects/shipwreck/special/ventilation_tunnel_turn.dae" IsOccluder="true" />
        <Entry CastShadows="false" Collides="true" File="static_objects/shipwreck/special/window_glass_cracked01.dae" IsOccluder="true" />
        <Entry CastShadows="false" Collides="true" File="static_objects/shipwreck/special/window_glass_cracked02.dae" IsOccluder="true" />
        <Entry CastShadows="false" Collides="true" File="static_objects/shipwreck/special/window_glass_cracked03.dae" IsOccluder="true" />
        <Entry CastShadows="true" Collides="true" File="static_objects/shipwreck/special/window_wall01.dae" IsOccluder="true" />
        <Entry CastShadows="true" Collides="true" File="static_objects/shipwreck/stairs/metal_doorway.dae" IsOccluder="true" />
        <Entry CastShadows="true" Collides="true" File="static_objects/shipwreck/stairs/metal_handrail.dae" IsOccluder="true" />
        <Entry CastShadows="true" Collides="true" File="static_objects/shipwreck/stairs/metal_handrail_corner.dae" IsOccluder="true" />
        <Entry CastShadows="true" Collides="true" File="static_objects/shipwreck/stairs/metal_handrail_long.dae" IsOccluder="true" />
        <Entry CastShadows="true" Collides="true" File="static_objects/shipwreck/stairs/metal_handrail_medium.dae" IsOccluder="true" />
        <Entry CastShadows="true" Collides="true" File="static_objects/shipwreck/stairs/metal_handrail_medium_open.dae" IsOccluder="true" />
        <Entry CastShadows="true" Collides="true" File="static_objects/shipwreck/stairs/metal_handrail_short.dae" IsOccluder="true" />
        <Entry CastShadows="true" Collides="true" File="static_objects/shipwreck/stairs/metal_handrail_turn.dae" IsOccluder="true" />
        <Entry CastShadows="true" Collides="true" File="static_objects/shipwreck/stairs/metal_large.dae" IsOccluder="true" />
        <Entry CastShadows="true" Collides="true" File="static_objects/shipwreck/stairs/metal_large_net.dae" IsOccluder="true" />
        <Entry CastShadows="true" Collides="true" File="static_objects/shipwreck/stairs/metal_large_no_railing.dae" IsOccluder="true" />
        <Entry CastShadows="true" Collides="true" File="static_objects/shipwreck/stairs/metal_plateau.dae" IsOccluder="true" />
        <Entry CastShadows="true" Collides="true" File="static_objects/shipwreck/stairs/metal_plateau_turn.dae" IsOccluder="true" />
        <Entry CastShadows="true" Collides="true" File="static_objects/shipwreck/stairs/metal_small.dae" IsOccluder="true" />
        <Entry CastShadows="true" Collides="true" File="static_objects/shipwreck/stairs/metal_small_tileable.dae" IsOccluder="true" />
        <Entry CastShadows="true" Collides="true" File="static_objects/shipwreck/tech/cable_box.dae" IsOccluder="false" />
        <Entry CastShadows="true" Collides="true" File="static_objects/shipwreck/tech/ceiling_compass.dae" IsOccluder="false" />
        <Entry CastShadows="true" Collides="true" File="static_objects/shipwreck/tech/ceiling_ticker.dae" IsOccluder="false" />
        <Entry CastShadows="true" Collides="true" File="static_objects/shipwreck/tech/monitor_flat.dae" IsOccluder="false" />
        <Entry CastShadows="true" Collides="true" File="static_objects/shipwreck/tech/server_box01.dae" IsOccluder="true" />
        <Entry CastShadows="true" Collides="true" File="static_objects/shipwreck/tech/server_box02.dae" IsOccluder="true" />
        <Entry CastShadows="true" Collides="true" File="static_objects/shipwreck/tech/server_rack01.dae" IsOccluder="true" />
        <Entry CastShadows="true" Collides="true" File="static_objects/shipwreck/tech/speaker.dae" IsOccluder="false" />
        <Entry CastShadows="true" Collides="true" File="static_objects/shipwreck/tech/speaker_horn.dae" IsOccluder="false" />
        <Entry CastShadows="true" Collides="true" File="static_objects/shipwreck/walls/default.dae" IsOccluder="true" />
        <Entry CastShadows="true" Collides="true" File="static_objects/shipwreck/walls/default_damaged_hole01.dae" IsOccluder="true" />
        <Entry CastShadows="true" Collides="true" File="static_objects/shipwreck/walls/default_detail.dae" IsOccluder="true" />
        <Entry CastShadows="true" Collides="true" File="static_objects/shipwreck/walls/default_doorframe.dae" IsOccluder="true" />
        <Entry CastShadows="true" Collides="true" File="static_objects/shipwreck/walls/default_doorway.dae" IsOccluder="true" />
        <Entry CastShadows="true" Collides="true" File="static_objects/shipwreck/walls/default_doorway_small.dae" IsOccluder="true" />
        <Entry CastShadows="true" Collides="true" File="static_objects/shipwreck/walls/default_doorway_small_round.dae" IsOccluder="true" />
        <Entry CastShadows="true" Collides="true" File="static_objects/shipwreck/walls/default_extension.dae" IsOccluder="true" />
        <Entry CastShadows="true" Collides="true" File="static_objects/shipwreck/walls/default_extension02.dae" IsOccluder="true" />
        <Entry CastShadows="true" Collides="true" File="static_objects/shipwreck/walls/default_short.dae" IsOccluder="true" />
        <Entry CastShadows="true" Collides="true" File="static_objects/shipwreck/walls/default_short_detail.dae" IsOccluder="true" />
        <Entry CastShadows="true" Collides="true" File="static_objects/shipwreck/walls/default_short_extension.dae" IsOccluder="true" />
        <Entry CastShadows="true" Collides="true" File="static_objects/shipwreck/walls/default_short_extension02.dae" IsOccluder="true" />
        <Entry CastShadows="true" Collides="true" File="static_objects/shipwreck/walls/default_ventilation_hole.dae" IsOccluder="true" />
        <Entry CastShadows="true" Collides="true" File="static_objects/shipwreck/walls/small01.dae" IsOccluder="true" />
        <Entry CastShadows="true" Collides="true" File="static_objects/shipwreck/walls/small01_half.dae" IsOccluder="true" />
        <Entry CastShadows="true" Collides="true" File="static_objects/shipwreck/walls/small01_nocorals.dae" IsOccluder="true" />
        <Entry CastShadows="true" Collides="true" File="static_objects/shipwreck/walls/small02.dae" IsOccluder="true" />
        <Entry CastShadows="true" Collides="true" File="static_objects/shipwreck/walls/small_detail01.dae" IsOccluder="true" />
        <Entry CastShadows="true" Collides="true" File="static_objects/shipwreck/walls/small_doorway.dae" IsOccluder="true" />
        <Entry CastShadows="true" Collides="true" File="static_objects/shipwreck/walls/small_doorway_nocorals.dae" IsOccluder="true" />
        <Entry CastShadows="true" Collides="true" File="static_objects/shipwreck/walls/small_doorway_shipentrance.dae" IsOccluder="true" />
        <Entry CastShadows="true" Collides="true" File="static_objects/shipwreck/walls/small_doorway_stairs.dae" IsOccluder="true" />
        <Entry CastShadows="true" Collides="true" File="static_objects/shipwreck/walls/small_escape_pod_doorway.dae" IsOccluder="true" />
        <Entry CastShadows="true" Collides="true" File="static_objects/shipwreck/walls/small_extension01.dae" IsOccluder="true" />
        <Entry CastShadows="true" Collides="true" File="static_objects/shipwreck/walls/small_extension_detail01.dae" IsOccluder="true" />
        <Entry CastShadows="true" Collides="true" File="static_objects/shipwreck/walls/small_short01.dae" IsOccluder="true" />
        <Entry CastShadows="true" Collides="true" File="static_objects/shipwreck/walls/small_short01_doorway.dae" IsOccluder="true" />
        <Entry CastShadows="true" Collides="true" File="static_objects/shipwreck/walls/small_short01_nocorals.dae" IsOccluder="true" />
        <Entry CastShadows="true" Collides="true" File="static_objects/shipwreck/walls/small_short_vent_open.dae" IsOccluder="true" />
        <Entry CastShadows="true" Collides="true" File="static_objects/shipwreck/walls/small_short_window - Copy.dae" IsOccluder="true" />
        <Entry CastShadows="true" Collides="true" File="static_objects/shipwreck/walls/small_short_window.dae" IsOccluder="true" />
        <Entry CastShadows="true" Collides="true" File="static_objects/shipwreck/walls/small_short_window_broken.dae" IsOccluder="true" />
        <Entry CastShadows="true" Collides="true" File="static_objects/shipwreck/walls/small_short_window_lit.dae" IsOccluder="true" />
        <Entry CastShadows="true" Collides="true" File="static_objects/shipwreck/walls/small_window_round_nocorals.dae" IsOccluder="true" />
        <Entry CastShadows="true" Collides="true" File="static_objects/shipwreck/walls/small_window_square_frame.dae" IsOccluder="true" />
        <Entry CastShadows="true" Collides="true" File="static_objects/shipwreck/walls/small_window_square_frame_noglass.dae" IsOccluder="true" />
        <Entry CastShadows="true" Collides="true" File="static_objects/shipwreck/walls/small_window_square_hole.dae" IsOccluder="true" />
        <Entry CastShadows="true" Collides="true" File="static_objects/shipwreck/walls/small_window_square_hole_nocorals.dae" IsOccluder="true" />
        <Entry CastShadows="true" Collides="true" File="static_objects/shipwreck/walls/welder_iron_beam.dae" IsOccluder="true" />
        <Entry CastShadows="true" Collides="true" File="static_objects/shipwreck/walls/welder_iron_beam_extension.dae" IsOccluder="true" />
        <Entry CastShadows="true" Collides="true" File="static_objects/shipwreck/walls/welder_iron_beam_nocorals.dae" IsOccluder="true" />
        <Entry CastShadows="true" Collides="true" File="static_objects/shipwreck/walls/welder_iron_beam_small.dae" IsOccluder="true" />
        <Entry CastShadows="true" Collides="true" File="static_objects/station/cables/cable_end.dae" IsOccluder="true" />
        <Entry CastShadows="true" Collides="true" File="static_objects/station/cables/cables_hanging.dae" IsOccluder="false" />
        <Entry CastShadows="true" Collides="true" File="static_objects/station/cables/cables_hanging_connector.dae" IsOccluder="false" />
        <Entry CastShadows="true" Collides="true" File="static_objects/station/cables/cables_hanging_holder.dae" IsOccluder="false" />
        <Entry CastShadows="true" Collides="true" File="static_objects/station/cables/cables_hanging_holder_extension.dae" IsOccluder="false" />
        <Entry CastShadows="false" Collides="true" File="static_objects/station/cables/cables_wall.dae" IsOccluder="false" />
        <Entry CastShadows="true" Collides="true" File="static_objects/station/cables/cables_wall_bevelled.dae" IsOccluder="false" />
        <Entry CastShadows="false" Collides="true" File="static_objects/station/cables/cables_wall_short.dae" IsOccluder="false" />
        <Entry CastShadows="true" Collides="true" File="static_objects/station/cables/cables_wall_short_white.dae" IsOccluder="true" />
        <Entry CastShadows="false" Collides="true" File="static_objects/station/cables/cables_wall_turn.dae" IsOccluder="false" />
        <Entry CastShadows="false" Collides="true" File="static_objects/station/cables/cables_wall_turn_short.dae" IsOccluder="false" />
        <Entry CastShadows="true" Collides="true" File="static_objects/station/cables/cables_wall_turn_short_rounded.dae" IsOccluder="true" />
        <Entry CastShadows="true" Collides="true" File="static_objects/station/cables/cables_wall_turn_short_rounded_white.dae" IsOccluder="true" />
        <Entry CastShadows="true" Collides="true" File="static_objects/station/cables/electrical_bend_angled_medium.dae" IsOccluder="true" />
        <Entry CastShadows="true" Collides="true" File="static_objects/station/cables/electrical_bend_angled_tiny.dae" IsOccluder="true" />
        <Entry CastShadows="true" Collides="true" File="static_objects/station/cables/electrical_bend_long.dae" IsOccluder="true" />
        <Entry CastShadows="true" Collides="true" File="static_objects/station/cables/electrical_bend_medium.dae" IsOccluder="true" />
        <Entry CastShadows="true" Collides="true" File="static_objects/station/cables/electrical_bend_small.dae" IsOccluder="true" />
        <Entry CastShadows="true" Collides="true" File="static_objects/station/cables/electrical_bend_tiny.dae" IsOccluder="true" />
        <Entry CastShadows="true" Collides="true" File="static_objects/station/cables/electrical_hanging_long.dae" IsOccluder="true" />
        <Entry CastShadows="true" Collides="true" File="static_objects/station/cables/electrical_hanging_long2.dae" IsOccluder="true" />
        <Entry CastShadows="true" Collides="true" File="static_objects/station/cables/electrical_hanging_long3.dae" IsOccluder="true" />
        <Entry CastShadows="true" Collides="true" File="static_objects/station/cables/electrical_long.dae" IsOccluder="true" />
        <Entry CastShadows="true" Collides="true" File="static_objects/station/cables/electrical_more_wavy_small.dae" IsOccluder="true" />
        <Entry CastShadows="true" Collides="true" File="static_objects/station/cables/electrical_overlap_tiny.dae" IsOccluder="true" />
        <Entry CastShadows="true" Collides="true" File="static_objects/station/cables/electrical_small.dae" IsOccluder="true" />
        <Entry CastShadows="true" Collides="true" File="static_objects/station/cables/electrical_tiny.dae" IsOccluder="true" />
        <Entry CastShadows="true" Collides="true" File="static_objects/station/cables/electrical_wavy_long.dae" IsOccluder="true" />
        <Entry CastShadows="true" Collides="true" File="static_objects/station/cables/electrical_wavy_small.dae" IsOccluder="true" />
        <Entry CastShadows="true" Collides="true" File="static_objects/station/cables/fibreoptic_cable_red.dae" IsOccluder="false" />
        <Entry CastShadows="true" Collides="true" File="static_objects/station/cables/fibreoptic_cable_red_holder.dae" IsOccluder="false" />
        <Entry CastShadows="true" Collides="true" File="static_objects/station/cables/fibreoptic_cable_red_left.dae" IsOccluder="false" />
        <Entry CastShadows="true" Collides="true" File="static_objects/station/cables/fibreoptic_cable_red_right.dae" IsOccluder="false" />
        <Entry CastShadows="true" Collides="true" File="static_objects/station/cables/fibreoptic_cable_red_short.dae" IsOccluder="false" />
        <Entry CastShadows="true" Collides="true" File="static_objects/station/cables/lab_thick_hanging_long.dae" IsOccluder="true" />
        <Entry CastShadows="true" Collides="true" File="static_objects/station/cables/lab_thick_hanging_long_shallow.dae" IsOccluder="true" />
        <Entry CastShadows="true" Collides="true" File="static_objects/station/cables/lab_thick_straight_long.dae" IsOccluder="true" />
        <Entry CastShadows="true" Collides="true" File="static_objects/station/cables/lab_thick_straight_med.dae" IsOccluder="true" />
        <Entry CastShadows="true" Collides="true" File="static_objects/station/cables/lab_thick_straight_med_orange.dae" IsOccluder="true" />
        <Entry CastShadows="true" Collides="true" File="static_objects/station/cables/lab_thick_straight_small.dae" IsOccluder="true" />
        <Entry CastShadows="true" Collides="true" File="static_objects/station/cables/lab_thick_straight_small_orange.dae" IsOccluder="true" />
        <Entry CastShadows="true" Collides="true" File="static_objects/station/cables/lab_thick_straight_tiny.dae" IsOccluder="true" />
        <Entry CastShadows="true" Collides="true" File="static_objects/station/cables/lab_thick_straight_tiny_orange.dae" IsOccluder="true" />
        <Entry CastShadows="true" Collides="true" File="static_objects/station/cables/lab_thick_turn_90_med.dae" IsOccluder="true" />
        <Entry CastShadows="true" Collides="true" File="static_objects/station/cables/lab_thick_turn_90_small.dae" IsOccluder="true" />
        <Entry CastShadows="true" Collides="true" File="static_objects/station/cables/lab_thick_turn_90_tiny.dae" IsOccluder="true" />
        <Entry CastShadows="true" Collides="true" File="static_objects/station/cables/lab_thick_turn_90_tiny_orange.dae" IsOccluder="true" />
        <Entry CastShadows="true" Collides="true" File="static_objects/station/cables/lab_thick_wavy_long.dae" IsOccluder="true" />
        <Entry CastShadows="true" Collides="true" File="static_objects/station/cables/lab_thick_wavy_med.dae" IsOccluder="true" />
        <Entry CastShadows="true" Collides="true" File="static_objects/station/cables/multi_cable_hanging_01.dae" IsOccluder="false" />
        <Entry CastShadows="true" Collides="true" File="static_objects/station/cables/multi_cable_hanging_02.dae" IsOccluder="false" />
        <Entry CastShadows="true" Collides="true" File="static_objects/station/cables/multi_cable_hanging_03.dae" IsOccluder="false" />
        <Entry CastShadows="false" Collides="true" File="static_objects/station/cables/multi_cable_hanging_connector01.dae" IsOccluder="false" />
        <Entry CastShadows="false" Collides="true" File="static_objects/station/cables/multi_cable_hanging_connector02.dae" IsOccluder="false" />
        <Entry CastShadows="true" Collides="true" File="static_objects/station/cables/multi_cable_hanging_holder.dae" IsOccluder="false" />
        <Entry CastShadows="true" Collides="true" File="static_objects/station/cables/multi_cable_hanging_leftturn.dae" IsOccluder="false" />
        <Entry CastShadows="true" Collides="true" File="static_objects/station/cables/multi_cable_hanging_rightturn.dae" IsOccluder="false" />
        <Entry CastShadows="true" Collides="true" File="static_objects/station/cables/wall_cables.dae" IsOccluder="false" />
        <Entry CastShadows="false" Collides="true" File="static_objects/station/cables/wall_cables_short.dae" IsOccluder="false" />
        <Entry CastShadows="true" Collides="true" File="static_objects/station/debris/communcations_dome_debris/communcations_dome_debris01.dae" IsOccluder="true" />
        <Entry CastShadows="true" Collides="true" File="static_objects/station/debris/communcations_dome_debris/communcations_dome_debris02.dae" IsOccluder="true" />
        <Entry CastShadows="true" Collides="true" File="static_objects/station/debris/communcations_dome_debris/communcations_dome_debris03.dae" IsOccluder="true" />
        <Entry CastShadows="true" Collides="true" File="static_objects/station/debris/communcations_dome_debris/communcations_dome_debris04.dae" IsOccluder="true" />
        <Entry CastShadows="true" Collides="true" File="static_objects/station/debris/exploded_wall_parts_xx/exploded_wall_parts_01.dae" IsOccluder="true" />
        <Entry CastShadows="false" Collides="false" File="static_objects/station/debris/exploded_wall_parts_xx/exploded_wall_parts_02.dae" IsOccluder="false" />
        <Entry CastShadows="true" Collides="true" File="static_objects/station/debris/exploded_wall_parts_xx/exploded_wall_parts_03.dae" IsOccluder="true" />
        <Entry CastShadows="true" Collides="true" File="static_objects/station/debris/shards_glass/shards_glass01.dae" IsOccluder="true" />
        <Entry CastShadows="true" Collides="true" File="static_objects/station/debris/shards_glass/shards_glass02.dae" IsOccluder="true" />
        <Entry CastShadows="true" Collides="true" File="static_objects/station/debris/shards_glass/shards_glass_single_01.dae" IsOccluder="true" />
        <Entry CastShadows="true" Collides="true" File="static_objects/station/debris/shards_glass/shards_glass_single_02.dae" IsOccluder="true" />
        <Entry CastShadows="true" Collides="true" File="static_objects/station/debris/shards_glass/shards_glass_single_03.dae" IsOccluder="true" />
        <Entry CastShadows="true" Collides="true" File="static_objects/station/debris/shards_glass/shards_glass_single_04.dae" IsOccluder="true" />
        <Entry CastShadows="true" Collides="true" File="static_objects/station/debris/theta_broken_parts/theta_broken_support01.dae" IsOccluder="true" />
        <Entry CastShadows="true" Collides="true" File="static_objects/station/debris/theta_broken_parts/theta_broken_support02.dae" IsOccluder="true" />
        <Entry CastShadows="true" Collides="true" File="static_objects/station/details/angle_iron.dae" IsOccluder="false" />
        <Entry CastShadows="true" Collides="true" File="static_objects/station/details/concrete_pillar.dae" IsOccluder="true" />
        <Entry CastShadows="true" Collides="true" File="static_objects/station/details/concrete_pillar_bottom.dae" IsOccluder="true" />
        <Entry CastShadows="true" Collides="true" File="static_objects/station/details/concrete_pillar_bottom_overgrown.dae" IsOccluder="true" />
        <Entry CastShadows="true" Collides="true" File="static_objects/station/details/concrete_pillar_broken01.dae" IsOccluder="true" />
        <Entry CastShadows="true" Collides="true" File="static_objects/station/details/concrete_pillar_broken02.dae" IsOccluder="true" />
        <Entry CastShadows="true" Collides="true" File="static_objects/station/details/concrete_pillar_overgrown.dae" IsOccluder="true" />
        <Entry CastShadows="true" Collides="true" File="static_objects/station/details/concrete_pillar_overgrown_transition.dae" IsOccluder="true" />
        <Entry CastShadows="true" Collides="true" File="static_objects/station/details/curtain/curtain_changeheight.dae" IsOccluder="true" />
        <Entry CastShadows="true" Collides="true" File="static_objects/station/details/curtain/curtain_changeheight_short.dae" IsOccluder="true" />
        <Entry CastShadows="true" Collides="true" File="static_objects/station/details/curtain/curtain_fabric_closed01.dae" IsOccluder="true" />
        <Entry CastShadows="true" Collides="true" File="static_objects/station/details/curtain/curtain_fabric_open01.dae" IsOccluder="true" />
        <Entry CastShadows="true" Collides="true" File="static_objects/station/details/curtain/curtain_fabric_turn.dae" IsOccluder="true" />
        <Entry CastShadows="true" Collides="true" File="static_objects/station/details/curtain/curtain_railing_straight.dae" IsOccluder="true" />
        <Entry CastShadows="true" Collides="true" File="static_objects/station/details/curtain/curtain_railing_straight_noroof.dae" IsOccluder="true" />
        <Entry CastShadows="true" Collides="true" File="static_objects/station/details/curtain/curtain_railing_turn.dae" IsOccluder="true" />
        <Entry CastShadows="true" Collides="true" File="static_objects/station/details/curtain/curtain_railing_turn_noroof.dae" IsOccluder="true" />
        <Entry CastShadows="true" Collides="true" File="static_objects/station/details/fencing_pplant/fencing_pplant.dae" IsOccluder="true" />
        <Entry CastShadows="true" Collides="true" File="static_objects/station/details/fencing_pplant/fencing_pplant_broken.dae" IsOccluder="true" />
        <Entry CastShadows="true" Collides="true" File="static_objects/station/details/fencing_pplant/fencing_round_rectangle.dae" IsOccluder="true" />
        <Entry CastShadows="true" Collides="true" File="static_objects/station/details/fencing_pplant/fencing_round_rectangle_large.dae" IsOccluder="true" />
        <Entry CastShadows="true" Collides="true" File="static_objects/station/details/fencing_pplant/fencing_round_wall_pplant_ground.dae" IsOccluder="true" />
        <Entry CastShadows="true" Collides="true" File="static_objects/station/details/fencing_pplant/fencing_round_wall_pplant_ground_pipehole01.dae" IsOccluder="true" />
        <Entry CastShadows="true" Collides="true" File="static_objects/station/details/floor_grate_metal.dae" IsOccluder="true" />
        <Entry CastShadows="true" Collides="true" File="static_objects/station/details/floor_grate_metal_broken.dae" IsOccluder="true" />
        <Entry CastShadows="true" Collides="true" File="static_objects/station/details/girder_lab_metal/girder_lab_end.dae" IsOccluder="true" />
        <Entry CastShadows="true" Collides="true" File="static_objects/station/details/girder_lab_metal/girder_lab_straight.dae" IsOccluder="true" />
        <Entry CastShadows="true" Collides="true" File="static_objects/station/details/girder_lab_metal/girder_lab_turn_45.dae" IsOccluder="true" />
        <Entry CastShadows="true" Collides="true" File="static_objects/station/details/girder_lab_metal/girder_lab_turn_90.dae" IsOccluder="true" />
        <Entry CastShadows="true" Collides="true" File="static_objects/station/details/girder_lab_metal/girder_lab_turn_90_small.dae" IsOccluder="true" />
        <Entry CastShadows="true" Collides="true" File="static_objects/station/details/girder_rusty_scaffold_grating.dae" IsOccluder="true" />
        <Entry CastShadows="true" Collides="true" File="static_objects/station/details/girder_rusty_scaffold_pole.dae" IsOccluder="true" />
        <Entry CastShadows="true" Collides="true" File="static_objects/station/details/girder_rusty_scaffold_side.dae" IsOccluder="true" />
        <Entry CastShadows="true" Collides="true" File="static_objects/station/details/girder_rusty_support/girder_rusty_support.dae" IsOccluder="true" />
        <Entry CastShadows="true" Collides="true" File="static_objects/station/details/girder_rusty_support/girder_rusty_support_damage01.dae" IsOccluder="true" />
        <Entry CastShadows="true" Collides="true" File="static_objects/station/details/girder_rusty_support/girder_rusty_support_damage02.dae" IsOccluder="true" />
        <Entry CastShadows="true" Collides="true" File="static_objects/station/details/girder_rusty_support/girder_rusty_support_long.dae" IsOccluder="true" />
        <Entry CastShadows="true" Collides="true" File="static_objects/station/details/maintenance_hatch_tau/maintenance_hatch_tau.dae" IsOccluder="true" />
        <Entry CastShadows="true" Collides="true" File="static_objects/station/details/phi_grating.DAE" IsOccluder="true" />
        <Entry CastShadows="true" Collides="true" File="static_objects/station/details/railing_concave.dae" IsOccluder="true" />
        <Entry CastShadows="true" Collides="true" File="static_objects/station/details/railing_convex.dae" IsOccluder="true" />
        <Entry CastShadows="true" Collides="true" File="static_objects/station/details/railing_end.dae" IsOccluder="true" />
        <Entry CastShadows="true" Collides="true" File="static_objects/station/details/railing_pplant/railing_03_02_containment_room02.dae" IsOccluder="true" />
        <Entry CastShadows="true" Collides="true" File="static_objects/station/details/railing_pplant/railing_comm_room_pplant.dae" IsOccluder="true" />
        <Entry CastShadows="true" Collides="true" File="static_objects/station/details/railing_pplant/railing_machine_room_pplant.dae" IsOccluder="true" />
        <Entry CastShadows="true" Collides="true" File="static_objects/station/details/railing_pplant/railing_pplant_end.dae" IsOccluder="true" />
        <Entry CastShadows="true" Collides="true" File="static_objects/station/details/railing_pplant/railing_pplant_end_chainlink.dae" IsOccluder="true" />
        <Entry CastShadows="true" Collides="true" File="static_objects/station/details/railing_pplant/railing_pplant_end_mangled_01.dae" IsOccluder="true" />
        <Entry CastShadows="true" Collides="true" File="static_objects/station/details/railing_pplant/railing_pplant_end_mangled_02.dae" IsOccluder="true" />
        <Entry CastShadows="true" Collides="true" File="static_objects/station/details/railing_pplant/railing_pplant_end_short.dae" IsOccluder="true" />
        <Entry CastShadows="true" Collides="true" File="static_objects/station/details/railing_pplant/railing_pplant_end_short_chainlink.dae" IsOccluder="true" />
        <Entry CastShadows="true" Collides="true" File="static_objects/station/details/railing_pplant/railing_pplant_short.dae" IsOccluder="true" />
        <Entry CastShadows="true" Collides="true" File="static_objects/station/details/railing_pplant/railing_pplant_short_chainlink.dae" IsOccluder="true" />
        <Entry CastShadows="true" Collides="true" File="static_objects/station/details/railing_pplant/railing_pplant_turn.dae" IsOccluder="true" />
        <Entry CastShadows="true" Collides="true" File="static_objects/station/details/railing_pplant/railing_pplant_turn_chainlink.dae" IsOccluder="true" />
        <Entry CastShadows="true" Collides="true" File="static_objects/station/details/railing_straight.dae" IsOccluder="true" />
        <Entry CastShadows="true" Collides="true" File="static_objects/station/details/railing_straight_short.dae" IsOccluder="true" />
        <Entry CastShadows="true" Collides="true" File="static_objects/station/details/railing_straight_short_broken.dae" IsOccluder="true" />
        <Entry CastShadows="true" Collides="true" File="static_objects/station/details/roof_support_girder_tau/roof_support_girder_tau_bottom.dae" IsOccluder="true" />
        <Entry CastShadows="true" Collides="true" File="static_objects/station/details/roof_support_girder_tau/roof_support_girder_tau_top.dae" IsOccluder="true" />
        <Entry CastShadows="true" Collides="true" File="static_objects/station/details/scaffold_bevelled_wall.dae" IsOccluder="false" />
        <Entry CastShadows="true" Collides="true" File="static_objects/station/details/scaffold_terminal.dae" IsOccluder="false" />
        <Entry CastShadows="true" Collides="true" File="static_objects/station/details/scaffold_terminal_top.dae" IsOccluder="false" />
        <Entry CastShadows="true" Collides="true" File="static_objects/station/details/scaffold_walkway.dae" IsOccluder="true" />
        <Entry CastShadows="true" Collides="true" File="static_objects/station/details/scaffold_walkway_bottom.dae" IsOccluder="true" />
        <Entry CastShadows="true" Collides="true" File="static_objects/station/details/scaffold_walkway_extension.dae" IsOccluder="true" />
        <Entry CastShadows="true" Collides="true" File="static_objects/station/details/scaffold_walkway_hanging.dae" IsOccluder="true" />
        <Entry CastShadows="true" Collides="true" File="static_objects/station/details/wall_foot_only_lab/convex_skinny_foot_lab.dae" IsOccluder="true" />
        <Entry CastShadows="true" Collides="true" File="static_objects/station/details/wall_foot_only_lab/convex_skinny_foot_lab_2_6_special_left.dae" IsOccluder="true" />
        <Entry CastShadows="true" Collides="true" File="static_objects/station/details/wall_foot_only_lab/convex_skinny_foot_lab_2_6_special_right.dae" IsOccluder="true" />
        <Entry CastShadows="true" Collides="true" File="static_objects/station/floor/catwalk test girder.dae" IsOccluder="true" />
        <Entry CastShadows="true" Collides="true" File="static_objects/station/floor/catwalk_3way.dae" IsOccluder="true" />
        <Entry CastShadows="true" Collides="true" File="static_objects/station/floor/catwalk_3way_nohandrail.dae" IsOccluder="true" />
        <Entry CastShadows="true" Collides="true" File="static_objects/station/floor/catwalk_4way.dae" IsOccluder="true" />
        <Entry CastShadows="true" Collides="true" File="static_objects/station/floor/catwalk_4way_nohandrail.dae" IsOccluder="true" />
        <Entry CastShadows="true" Collides="true" File="static_objects/station/floor/catwalk_end.dae" IsOccluder="true" />
        <Entry CastShadows="true" Collides="true" File="static_objects/station/floor/catwalk_end_nohandrail.dae" IsOccluder="true" />
        <Entry CastShadows="true" Collides="true" File="static_objects/station/floor/catwalk_railing_end_cap.dae" IsOccluder="true" />
        <Entry CastShadows="true" Collides="true" File="static_objects/station/floor/catwalk_railing_turn_cap.dae" IsOccluder="true" />
        <Entry CastShadows="true" Collides="true" File="static_objects/station/floor/catwalk_rusty.dae" IsOccluder="true" />
        <Entry CastShadows="true" Collides="true" File="static_objects/station/floor/catwalk_rusty_3way.dae" IsOccluder="true" />
        <Entry CastShadows="true" Collides="true" File="static_objects/station/floor/catwalk_rusty_4way.dae" IsOccluder="true" />
        <Entry CastShadows="true" Collides="true" File="static_objects/station/floor/catwalk_rusty_short.dae" IsOccluder="true" />
        <Entry CastShadows="true" Collides="true" File="static_objects/station/floor/catwalk_rusty_step.dae" IsOccluder="true" />
        <Entry CastShadows="true" Collides="true" File="static_objects/station/floor/catwalk_rusty_straight.dae" IsOccluder="true" />
        <Entry CastShadows="true" Collides="true" File="static_objects/station/floor/catwalk_rusty_turn_sharp.dae" IsOccluder="true" />
        <Entry CastShadows="true" Collides="true" File="static_objects/station/floor/catwalk_straight.dae" IsOccluder="true" />
        <Entry CastShadows="true" Collides="true" File="static_objects/station/floor/catwalk_straight_broken.dae" IsOccluder="true" />
        <Entry CastShadows="true" Collides="true" File="static_objects/station/floor/catwalk_straight_broken_rail_left.dae" IsOccluder="true" />
        <Entry CastShadows="true" Collides="true" File="static_objects/station/floor/catwalk_straight_nohandrail.dae" IsOccluder="true" />
        <Entry CastShadows="true" Collides="true" File="static_objects/station/floor/catwalk_straight_railing_oneside.dae" IsOccluder="true" />
        <Entry CastShadows="true" Collides="true" File="static_objects/station/floor/catwalk_straight_short.dae" IsOccluder="true" />
        <Entry CastShadows="true" Collides="true" File="static_objects/station/floor/catwalk_straight_short_nohandrail.dae" IsOccluder="true" />
        <Entry CastShadows="true" Collides="true" File="static_objects/station/floor/catwalk_straight_short_railing_oneside.dae" IsOccluder="true" />
        <Entry CastShadows="true" Collides="true" File="static_objects/station/floor/catwalk_turn.dae" IsOccluder="true" />
        <Entry CastShadows="true" Collides="true" File="static_objects/station/floor/catwalk_turn_nohandrail.dae" IsOccluder="true" />
        <Entry CastShadows="true" Collides="true" File="static_objects/station/floor/catwalk_wall_support.dae" IsOccluder="true" />
        <Entry CastShadows="true" Collides="true" File="static_objects/station/floor/catwalk_wall_support_white.dae" IsOccluder="true" />
        <Entry CastShadows="true" Collides="true" File="static_objects/station/floor/catwalk_white_girder.dae" IsOccluder="true" />
        <Entry CastShadows="true" Collides="true" File="static_objects/station/floor/catwalk_white_girder_curved.dae" IsOccluder="true" />
        <Entry CastShadows="true" Collides="true" File="static_objects/station/floor/catwalk_white_girder_short.dae" IsOccluder="true" />
        <Entry CastShadows="true" Collides="true" File="static_objects/station/floor/catwalk_white_step.dae" IsOccluder="true" />
        <Entry CastShadows="true" Collides="true" File="static_objects/station/floor/catwalk_white_straight_nohandrail.dae" IsOccluder="true" />
        <Entry CastShadows="true" Collides="true" File="static_objects/station/floor/catwalk_white_straight_short_nohandrail.dae" IsOccluder="true" />
        <Entry CastShadows="true" Collides="true" File="static_objects/station/floor/catwalk_white_turn_90_nohandrail.dae" IsOccluder="true" />
        <Entry CastShadows="true" Collides="true" File="static_objects/station/floor/catwalkrailing_turn_cap.dae" IsOccluder="true" />
        <Entry CastShadows="true" Collides="true" File="static_objects/station/floor/hatch_frame.dae" IsOccluder="true" />
        <Entry CastShadows="true" Collides="true" File="static_objects/station/floor/hatch_frame_lab.dae" IsOccluder="true" />
        <Entry CastShadows="true" Collides="true" File="static_objects/station/floor/lab_carpet_masters_special.dae" IsOccluder="true" />
        <Entry CastShadows="true" Collides="true" File="static_objects/station/floor/lab_floor_broken.dae" IsOccluder="true" />
        <Entry CastShadows="true" Collides="true" File="static_objects/station/floor/lab_floor_broken02.dae" IsOccluder="true" />
        <Entry CastShadows="true" Collides="true" File="static_objects/station/floor/lab_floor_broken_large_piece.dae" IsOccluder="true" />
        <Entry CastShadows="true" Collides="true" File="static_objects/station/floor/lab_floor_broken_small_piece.dae" IsOccluder="true" />
        <Entry CastShadows="true" Collides="true" File="static_objects/station/floor/lab_floor_broken_small_piece_turn.dae" IsOccluder="true" />
        <Entry CastShadows="true" Collides="true" File="static_objects/station/floor/lab_floor_ladder_exit_special.dae" IsOccluder="true" />
        <Entry CastShadows="true" Collides="true" File="static_objects/station/floor/lab_floor_platform_angled_left_short.dae" IsOccluder="true" />
        <Entry CastShadows="true" Collides="true" File="static_objects/station/floor/lab_floor_platform_angled_right_short.dae" IsOccluder="true" />
        <Entry CastShadows="true" Collides="true" File="static_objects/station/floor/lab_floor_platform_angled_short.dae" IsOccluder="true" />
        <Entry CastShadows="true" Collides="true" File="static_objects/station/floor/lab_floor_platform_skewed_left_short.dae" IsOccluder="true" />
        <Entry CastShadows="true" Collides="true" File="static_objects/station/floor/lab_floor_platform_skewed_right_short.dae" IsOccluder="true" />
        <Entry CastShadows="true" Collides="true" File="static_objects/station/floor/lab_floor_platform_straight_short.dae" IsOccluder="true" />
        <Entry CastShadows="true" Collides="true" File="static_objects/station/floor/lab_floor_platform_turn.dae" IsOccluder="true" />
        <Entry CastShadows="true" Collides="true" File="static_objects/station/floor/lab_floor_probe_design_special.dae" IsOccluder="true" />
        <Entry CastShadows="true" Collides="true" File="static_objects/station/floor/lab_floor_welder_concave_45.dae" IsOccluder="true" />
        <Entry CastShadows="true" Collides="true" File="static_objects/station/floor/lab_floor_welder_concave_45_noyellow.dae" IsOccluder="true" />
        <Entry CastShadows="true" Collides="true" File="static_objects/station/floor/lab_floor_welder_concave_45_tiny_noyellow.dae" IsOccluder="true" />
        <Entry CastShadows="true" Collides="true" File="static_objects/station/floor/lab_floor_welder_concave_90_noyellow.dae" IsOccluder="true" />
        <Entry CastShadows="true" Collides="true" File="static_objects/station/floor/lab_floor_welder_concave_90_tiny_noyellow.dae" IsOccluder="true" />
        <Entry CastShadows="true" Collides="true" File="static_objects/station/floor/lab_floor_welder_concave_noyellow.dae" IsOccluder="true" />
        <Entry CastShadows="true" Collides="true" File="static_objects/station/floor/lab_floor_welder_concave_short.dae" IsOccluder="true" />
        <Entry CastShadows="true" Collides="true" File="static_objects/station/floor/lab_floor_welder_concave_short_noyellow.dae" IsOccluder="true" />
        <Entry CastShadows="true" Collides="true" File="static_objects/station/floor/lab_floor_welder_concave_tiny.dae" IsOccluder="true" />
        <Entry CastShadows="true" Collides="true" File="static_objects/station/floor/lab_floor_welder_convex_45_noyellow.dae" IsOccluder="true" />
        <Entry CastShadows="true" Collides="true" File="static_objects/station/floor/lab_floor_welder_convex_45_tiny_noyellow.dae" IsOccluder="true" />
        <Entry CastShadows="true" Collides="true" File="static_objects/station/floor/lab_floor_welder_convex_90_tiny_noyellow.dae" IsOccluder="true" />
        <Entry CastShadows="true" Collides="true" File="static_objects/station/floor/lab_floor_welder_convex_noyellow.dae" IsOccluder="true" />
        <Entry CastShadows="true" Collides="true" File="static_objects/station/floor/lab_floor_welder_convex_short.dae" IsOccluder="true" />
        <Entry CastShadows="true" Collides="true" File="static_objects/station/floor/lab_floor_welder_convex_short_noyellow.dae" IsOccluder="true" />
        <Entry CastShadows="true" Collides="true" File="static_objects/station/floor/lab_floor_welder_convex_tiny.dae" IsOccluder="true" />
        <Entry CastShadows="true" Collides="true" File="static_objects/station/floor/lab_floor_welder_convex_tiny_noyellow.dae" IsOccluder="true" />
        <Entry CastShadows="true" Collides="true" File="static_objects/station/floor/lab_floor_welder_short.dae" IsOccluder="true" />
        <Entry CastShadows="true" Collides="true" File="static_objects/station/floor/lab_floor_welder_short_noyellow.dae" IsOccluder="true" />
        <Entry CastShadows="true" Collides="true" File="static_objects/station/floor/lab_floor_welder_tiny.dae" IsOccluder="true" />
        <Entry CastShadows="true" Collides="true" File="static_objects/station/floor/lab_floor_welder_tiny_noyellow.dae" IsOccluder="true" />
        <Entry CastShadows="true" Collides="true" File="static_objects/station/floor/lab_floor_welder_windowpillar.dae" IsOccluder="true" />
        <Entry CastShadows="true" Collides="true" File="static_objects/station/floor/lab_floor_welder_windowpillar_noyellow.dae" IsOccluder="true" />
        <Entry CastShadows="true" Collides="true" File="static_objects/station/floor/lab_linoleum_large_tile.dae" IsOccluder="true" />
        <Entry CastShadows="true" Collides="true" File="static_objects/station/floor/lab_linoleum_plain_circle.dae" IsOccluder="true" />
        <Entry CastShadows="true" Collides="true" File="static_objects/station/floor/lab_linoleum_plain_corner.dae" IsOccluder="true" />
        <Entry CastShadows="true" Collides="true" File="static_objects/station/floor/lab_linoleum_probe_design_mirrored_special.dae" IsOccluder="true" />
        <Entry CastShadows="true" Collides="true" File="static_objects/station/floor/lab_linoleum_probe_design_special.dae" IsOccluder="true" />
        <Entry CastShadows="true" Collides="true" File="static_objects/station/floor/lab_linoleum_tiles_large.dae" IsOccluder="true" />
        <Entry CastShadows="true" Collides="true" File="static_objects/station/floor/lab_linoleum_tiles_large_rusty.dae" IsOccluder="true" />
        <Entry CastShadows="true" Collides="true" File="static_objects/station/floor/lab_linoleum_tiles_single.dae" IsOccluder="true" />
        <Entry CastShadows="true" Collides="true" File="static_objects/station/floor/lab_linoleum_tiles_small.dae" IsOccluder="true" />
        <Entry CastShadows="true" Collides="true" File="static_objects/station/floor/lab_linoleum_treadplate.dae" IsOccluder="true" />
        <Entry CastShadows="true" Collides="true" File="static_objects/station/floor/living_area_welder_metal_thick.dae" IsOccluder="true" />
        <Entry CastShadows="true" Collides="true" File="static_objects/station/floor/living_area_welder_metal_thick_concave.dae" IsOccluder="true" />
        <Entry CastShadows="true" Collides="true" File="static_objects/station/floor/living_area_welder_metal_thick_concave_tiny.dae" IsOccluder="true" />
        <Entry CastShadows="true" Collides="true" File="static_objects/station/floor/living_area_welder_metal_thick_convex.dae" IsOccluder="true" />
        <Entry CastShadows="true" Collides="true" File="static_objects/station/floor/living_area_welder_metal_thick_convex_tiny.dae" IsOccluder="true" />
        <Entry CastShadows="true" Collides="true" File="static_objects/station/floor/living_area_welder_metal_thick_end_left.dae" IsOccluder="true" />
        <Entry CastShadows="true" Collides="true" File="static_objects/station/floor/living_area_welder_metal_thick_end_right.dae" IsOccluder="true" />
        <Entry CastShadows="true" Collides="true" File="static_objects/station/floor/living_area_welder_metal_thick_short.dae" IsOccluder="true" />
        <Entry CastShadows="true" Collides="true" File="static_objects/station/floor/living_area_welder_metal_thick_tiny.dae" IsOccluder="true" />
        <Entry CastShadows="true" Collides="true" File="static_objects/station/floor/living_area_welder_metal_thin.dae" IsOccluder="true" />
        <Entry CastShadows="false" Collides="true" File="static_objects/station/floor/metal_flat.dae" IsOccluder="true" />
        <Entry CastShadows="false" Collides="true" File="static_objects/station/floor/metal_flat_hooks.dae" IsOccluder="true" />
        <Entry CastShadows="false" Collides="true" File="static_objects/station/floor/metal_flat_indented.dae" IsOccluder="true" />
        <Entry CastShadows="false" Collides="true" File="static_objects/station/floor/metal_flat_ribbed.dae" IsOccluder="true" />
        <Entry CastShadows="false" Collides="true" File="static_objects/station/floor/metal_flat_single.dae" IsOccluder="true" />
        <Entry CastShadows="false" Collides="true" File="static_objects/station/floor/metal_flat_studded.dae" IsOccluder="true" />
        <Entry CastShadows="false" Collides="true" File="static_objects/station/floor/metal_grey_hooks_single.dae" IsOccluder="true" />
        <Entry CastShadows="false" Collides="true" File="static_objects/station/floor/metal_grey_large.dae" IsOccluder="true" />
        <Entry CastShadows="false" Collides="true" File="static_objects/station/floor/metal_grey_single.dae" IsOccluder="true" />
        <Entry CastShadows="false" Collides="true" File="static_objects/station/floor/metal_indented.dae" IsOccluder="true" />
        <Entry CastShadows="false" Collides="true" File="static_objects/station/floor/metal_indented_single.dae" IsOccluder="true" />
        <Entry CastShadows="false" Collides="true" File="static_objects/station/floor/metal_ribbed.dae" IsOccluder="true" />
        <Entry CastShadows="false" Collides="true" File="static_objects/station/floor/metal_ribbed_single.dae" IsOccluder="true" />
        <Entry CastShadows="false" Collides="true" File="static_objects/station/floor/metal_studded.dae" IsOccluder="true" />
        <Entry CastShadows="false" Collides="true" File="static_objects/station/floor/metal_studded_single.dae" IsOccluder="true" />
        <Entry CastShadows="true" Collides="true" File="static_objects/station/floor/pplant_first_floor_damaged01.dae" IsOccluder="true" />
        <Entry CastShadows="true" Collides="true" File="static_objects/station/floor/pplant_first_floor_damaged02.dae" IsOccluder="true" />
        <Entry CastShadows="true" Collides="true" File="static_objects/station/floor/pplant_first_floor_damaged03.dae" IsOccluder="true" />
        <Entry CastShadows="true" Collides="true" File="static_objects/station/floor/pplant_first_floor_damaged04.dae" IsOccluder="true" />
        <Entry CastShadows="true" Collides="true" File="static_objects/station/floor/pplant_first_floor_default.dae" IsOccluder="true" />
        <Entry CastShadows="true" Collides="true" File="static_objects/station/floor/pplant_first_floor_hatch.dae" IsOccluder="true" />
        <Entry CastShadows="true" Collides="true" File="static_objects/station/floor/pplant_first_floor_hatch_open.dae" IsOccluder="true" />
        <Entry CastShadows="true" Collides="true" File="static_objects/station/floor/pplant_first_floor_hole.dae" IsOccluder="true" />
        <Entry CastShadows="true" Collides="true" File="static_objects/station/floor/pplant_first_floor_ribbed.dae" IsOccluder="true" />
        <Entry CastShadows="true" Collides="true" File="static_objects/station/floor/pplant_first_floor_studded.dae" IsOccluder="true" />
        <Entry CastShadows="true" Collides="true" File="static_objects/station/floor/pplant_ground_default.dae" IsOccluder="true" />
        <Entry CastShadows="true" Collides="true" File="static_objects/station/floor/pplant_ground_default_damaged01.dae" IsOccluder="true" />
        <Entry CastShadows="true" Collides="true" File="static_objects/station/floor/pplant_ground_default_damaged02.dae" IsOccluder="true" />
        <Entry CastShadows="true" Collides="true" File="static_objects/station/floor/pplant_ground_default_damaged03.dae" IsOccluder="true" />
        <Entry CastShadows="true" Collides="true" File="static_objects/station/floor/pplant_ground_default_damaged04.dae" IsOccluder="true" />
        <Entry CastShadows="true" Collides="true" File="static_objects/station/floor/pplant_ground_default_grey.dae" IsOccluder="true" />
        <Entry CastShadows="true" Collides="true" File="static_objects/station/floor/pplant_ground_default_large.dae" IsOccluder="true" />
        <Entry CastShadows="true" Collides="true" File="static_objects/station/floor/pplant_ground_default_overgrown.dae" IsOccluder="true" />
        <Entry CastShadows="true" Collides="true" File="static_objects/station/floor/pplant_ground_edge_concave.dae" IsOccluder="true" />
        <Entry CastShadows="true" Collides="true" File="static_objects/station/floor/pplant_ground_edge_concave_sunk.dae" IsOccluder="true" />
        <Entry CastShadows="true" Collides="true" File="static_objects/station/floor/pplant_ground_edge_concave_sunk_grey.dae" IsOccluder="true" />
        <Entry CastShadows="true" Collides="true" File="static_objects/station/floor/pplant_ground_edge_concave_sunk_overgrown.dae" IsOccluder="true" />
        <Entry CastShadows="true" Collides="true" File="static_objects/station/floor/pplant_ground_edge_convex.dae" IsOccluder="true" />
        <Entry CastShadows="true" Collides="true" File="static_objects/station/floor/pplant_ground_edge_convex_half.dae" IsOccluder="true" />
        <Entry CastShadows="true" Collides="true" File="static_objects/station/floor/pplant_ground_edge_convex_sunk.dae" IsOccluder="true" />
        <Entry CastShadows="true" Collides="true" File="static_objects/station/floor/pplant_ground_edge_convex_sunk_grey.dae" IsOccluder="true" />
        <Entry CastShadows="true" Collides="true" File="static_objects/station/floor/pplant_ground_edge_straight.dae" IsOccluder="true" />
        <Entry CastShadows="true" Collides="true" File="static_objects/station/floor/pplant_ground_edge_straight_half.dae" IsOccluder="true" />
        <Entry CastShadows="true" Collides="true" File="static_objects/station/floor/pplant_ground_edge_straight_sunk.dae" IsOccluder="true" />
        <Entry CastShadows="true" Collides="true" File="static_objects/station/floor/pplant_ground_edge_straight_sunk_grey.dae" IsOccluder="true" />
        <Entry CastShadows="true" Collides="true" File="static_objects/station/floor/pplant_ground_edge_straight_sunk_overgrown.dae" IsOccluder="true" />
        <Entry CastShadows="true" Collides="true" File="static_objects/station/floor/pplant_ground_path_2way.dae" IsOccluder="true" />
        <Entry CastShadows="true" Collides="true" File="static_objects/station/floor/pplant_ground_treadplate.dae" IsOccluder="true" />
        <Entry CastShadows="true" Collides="true" File="static_objects/station/floor/tau_airlock_floorframe.dae" IsOccluder="true" />
        <Entry CastShadows="true" Collides="true" File="static_objects/station/floor/theta_catwalk.dae" IsOccluder="true" />
        <Entry CastShadows="true" Collides="true" File="static_objects/station/floor/theta_girder.dae" IsOccluder="true" />
        <Entry CastShadows="true" Collides="true" File="static_objects/station/floor/theta_girder_curved.dae" IsOccluder="true" />
        <Entry CastShadows="true" Collides="true" File="static_objects/station/floor/tunnel_3way_metal.dae" IsOccluder="true" />
        <Entry CastShadows="true" Collides="true" File="static_objects/station/floor/tunnel_4way_metal.dae" IsOccluder="true" />
        <Entry CastShadows="true" Collides="true" File="static_objects/station/floor/tunnel_end_metal.dae" IsOccluder="true" />
        <Entry CastShadows="true" Collides="true" File="static_objects/station/floor/tunnel_straight_hatch_metal.dae" IsOccluder="true" />
        <Entry CastShadows="true" Collides="true" File="static_objects/station/floor/tunnel_straight_metal.dae" IsOccluder="true" />
        <Entry CastShadows="true" Collides="true" File="static_objects/station/floor/tunnel_turn_metal.dae" IsOccluder="true" />
        <Entry CastShadows="true" Collides="true" File="static_objects/station/pipes/3way.dae" IsOccluder="false" />
        <Entry CastShadows="true" Collides="true" File="static_objects/station/pipes/4way.dae" IsOccluder="false" />
        <Entry CastShadows="true" Collides="true" File="static_objects/station/pipes/bend.dae" IsOccluder="false" />
        <Entry CastShadows="true" Collides="true" File="static_objects/station/pipes/bend_short.dae" IsOccluder="false" />
        <Entry CastShadows="true" Collides="true" File="static_objects/station/pipes/bevelled_wall.dae" IsOccluder="false" />
        <Entry CastShadows="true" Collides="true" File="static_objects/station/pipes/detail_lab_vent.dae" IsOccluder="true" />
        <Entry CastShadows="true" Collides="true" File="static_objects/station/pipes/lab_ark_room_coolant_special.dae" IsOccluder="true" />
        <Entry CastShadows="true" Collides="true" File="static_objects/station/pipes/lab_bend_90.dae" IsOccluder="true" />
        <Entry CastShadows="true" Collides="true" File="static_objects/station/pipes/lab_bracket.dae" IsOccluder="true" />
        <Entry CastShadows="true" Collides="true" File="static_objects/station/pipes/lab_bracket_long.dae" IsOccluder="true" />
        <Entry CastShadows="true" Collides="true" File="static_objects/station/pipes/lab_pipes_box_end.dae" IsOccluder="true" />
        <Entry CastShadows="true" Collides="true" File="static_objects/station/pipes/lab_pipes_box_fenced_straight.dae" IsOccluder="true" />
        <Entry CastShadows="true" Collides="true" File="static_objects/station/pipes/lab_pipes_box_fenced_straight_empty.dae" IsOccluder="true" />
        <Entry CastShadows="true" Collides="true" File="static_objects/station/pipes/lab_pipes_box_grated_straight.dae" IsOccluder="true" />
        <Entry CastShadows="true" Collides="true" File="static_objects/station/pipes/lab_pipes_box_grated_straight_empty.dae" IsOccluder="true" />
        <Entry CastShadows="true" Collides="true" File="static_objects/station/pipes/lab_split_straight.dae" IsOccluder="true" />
        <Entry CastShadows="true" Collides="true" File="static_objects/station/pipes/lab_split_y.dae" IsOccluder="true" />
        <Entry CastShadows="true" Collides="true" File="static_objects/station/pipes/lab_straight.dae" IsOccluder="true" />
        <Entry CastShadows="true" Collides="true" File="static_objects/station/pipes/lab_straight_short.dae" IsOccluder="true" />
        <Entry CastShadows="true" Collides="true" File="static_objects/station/pipes/lab_welder.dae" IsOccluder="true" />
        <Entry CastShadows="true" Collides="true" File="static_objects/station/pipes/long.dae" IsOccluder="false" />
        <Entry CastShadows="true" Collides="true" File="static_objects/station/pipes/pipe_broken_large.dae" IsOccluder="true" />
        <Entry CastShadows="true" Collides="true" File="static_objects/station/pipes/pipe_broken_large/pipe_broken_large.dae" IsOccluder="true" />
        <Entry CastShadows="true" Collides="true" File="static_objects/station/pipes/pipe_broken_medium.dae" IsOccluder="true" />
        <Entry CastShadows="true" Collides="true" File="static_objects/station/pipes/pipe_broken_medium/pipe_broken_medium.dae" IsOccluder="true" />
        <Entry CastShadows="true" Collides="true" File="static_objects/station/pipes/pipe_broken_small.dae" IsOccluder="true" />
        <Entry CastShadows="true" Collides="true" File="static_objects/station/pipes/pipe_broken_small/pipe_broken_small.dae" IsOccluder="true" />
        <Entry CastShadows="true" Collides="true" File="static_objects/station/pipes/pipe_large2_90_pplant.dae" IsOccluder="true" />
        <Entry CastShadows="true" Collides="true" File="static_objects/station/pipes/pipe_large2_long_pplant.dae" IsOccluder="true" />
        <Entry CastShadows="true" Collides="true" File="static_objects/station/pipes/pipe_large2_short_pplant.dae" IsOccluder="true" />
        <Entry CastShadows="true" Collides="true" File="static_objects/station/pipes/pipe_large_90_pplant.dae" IsOccluder="true" />
        <Entry CastShadows="true" Collides="true" File="static_objects/station/pipes/pipe_large_90_short_pplant.dae" IsOccluder="true" />
        <Entry CastShadows="true" Collides="true" File="static_objects/station/pipes/pipe_large_90_short_tau.dae" IsOccluder="true" />
        <Entry CastShadows="true" Collides="true" File="static_objects/station/pipes/pipe_large_90_tau.dae" IsOccluder="true" />
        <Entry CastShadows="true" Collides="true" File="static_objects/station/pipes/pipe_large_long_pplant.dae" IsOccluder="true" />
        <Entry CastShadows="true" Collides="true" File="static_objects/station/pipes/pipe_large_long_pplant01.dae" IsOccluder="true" />
        <Entry CastShadows="true" Collides="true" File="static_objects/station/pipes/pipe_large_long_tau.dae" IsOccluder="true" />
        <Entry CastShadows="true" Collides="true" File="static_objects/station/pipes/pipe_large_short_pplant.dae" IsOccluder="true" />
        <Entry CastShadows="true" Collides="true" File="static_objects/station/pipes/pipe_large_short_pplant01.dae" IsOccluder="true" />
        <Entry CastShadows="true" Collides="true" File="static_objects/station/pipes/pipe_large_short_tau.dae" IsOccluder="true" />
        <Entry CastShadows="true" Collides="true" File="static_objects/station/pipes/pipe_large_tiny_pplant.dae" IsOccluder="true" />
        <Entry CastShadows="true" Collides="true" File="static_objects/station/pipes/pipe_large_tiny_tau.dae" IsOccluder="true" />
        <Entry CastShadows="true" Collides="true" File="static_objects/station/pipes/pipe_medium2_45_pplant.dae" IsOccluder="true" />
        <Entry CastShadows="true" Collides="true" File="static_objects/station/pipes/pipe_medium2_90_pplant.dae" IsOccluder="true" />
        <Entry CastShadows="true" Collides="true" File="static_objects/station/pipes/pipe_medium2_pplant.dae" IsOccluder="true" />
        <Entry CastShadows="true" Collides="true" File="static_objects/station/pipes/pipe_medium_90_pplant.dae" IsOccluder="true" />
        <Entry CastShadows="true" Collides="true" File="static_objects/station/pipes/pipe_medium_short_pplant.dae" IsOccluder="true" />
        <Entry CastShadows="true" Collides="true" File="static_objects/station/pipes/pipe_small_90_pplant.dae" IsOccluder="true" />
        <Entry CastShadows="true" Collides="true" File="static_objects/station/pipes/pipe_small_short_pplant.dae" IsOccluder="true" />
        <Entry CastShadows="true" Collides="true" File="static_objects/station/pipes/pipe_turn_broken_slim.dae" IsOccluder="true" />
        <Entry CastShadows="true" Collides="true" File="static_objects/station/pipes/pipe_turn_broken_slim/pipe_turn_broken_slim.dae" IsOccluder="true" />
        <Entry CastShadows="true" Collides="true" File="static_objects/station/pipes/pipe_turn_broken_thick.dae" IsOccluder="true" />
        <Entry CastShadows="true" Collides="true" File="static_objects/station/pipes/pipe_turn_broken_thick/pipe_turn_broken_thick.dae" IsOccluder="true" />
        <Entry CastShadows="true" Collides="true" File="static_objects/station/pipes/short.dae" IsOccluder="false" />
        <Entry CastShadows="true" Collides="true" File="static_objects/station/pipes/tau_tech_12m.DAE" IsOccluder="true" />
        <Entry CastShadows="true" Collides="true" File="static_objects/station/pipes/tau_tech_3way.DAE" IsOccluder="true" />
        <Entry CastShadows="true" Collides="true" File="static_objects/station/pipes/tau_tech_4m.DAE" IsOccluder="true" />
        <Entry CastShadows="true" Collides="true" File="static_objects/station/pipes/tau_tech_8m.DAE" IsOccluder="true" />
        <Entry CastShadows="true" Collides="true" File="static_objects/station/pipes/tau_tech_bend_long.DAE" IsOccluder="true" />
        <Entry CastShadows="true" Collides="true" File="static_objects/station/pipes/tau_tech_bend_short.DAE" IsOccluder="true" />
        <Entry CastShadows="true" Collides="true" File="static_objects/station/pipes/tau_tech_long.DAE" IsOccluder="true" />
        <Entry CastShadows="true" Collides="true" File="static_objects/station/pipes/tau_tech_short.DAE" IsOccluder="true" />
        <Entry CastShadows="true" Collides="true" File="static_objects/station/pipes/tech_3way.dae" IsOccluder="true" />
        <Entry CastShadows="true" Collides="true" File="static_objects/station/pipes/tech_4way.dae" IsOccluder="true" />
        <Entry CastShadows="true" Collides="true" File="static_objects/station/pipes/tech_bend_long.dae" IsOccluder="true" />
        <Entry CastShadows="true" Collides="true" File="static_objects/station/pipes/tech_bend_short.dae" IsOccluder="true" />
        <Entry CastShadows="true" Collides="true" File="static_objects/station/pipes/tech_brown_3way.dae" IsOccluder="true" />
        <Entry CastShadows="true" Collides="true" File="static_objects/station/pipes/tech_brown_4way.dae" IsOccluder="true" />
        <Entry CastShadows="true" Collides="true" File="static_objects/station/pipes/tech_brown_bend_long.dae" IsOccluder="true" />
        <Entry CastShadows="true" Collides="true" File="static_objects/station/pipes/tech_brown_bend_short.dae" IsOccluder="true" />
        <Entry CastShadows="true" Collides="true" File="static_objects/station/pipes/tech_brown_long.dae" IsOccluder="true" />
        <Entry CastShadows="true" Collides="true" File="static_objects/station/pipes/tech_brown_short.dae" IsOccluder="true" />
        <Entry CastShadows="true" Collides="true" File="static_objects/station/pipes/tech_long.dae" IsOccluder="true" />
        <Entry CastShadows="true" Collides="true" File="static_objects/station/pipes/tech_short.dae" IsOccluder="true" />
        <Entry CastShadows="true" Collides="true" File="static_objects/station/pipes/valve.dae" IsOccluder="false" />
        <Entry CastShadows="true" Collides="true" File="static_objects/station/roof/02_06_ladder_shaft_special.dae" IsOccluder="true" />
        <Entry CastShadows="true" Collides="true" File="static_objects/station/roof/02_07_concrete_arch_roof.dae" IsOccluder="true" />
        <Entry CastShadows="true" Collides="true" File="static_objects/station/roof/03_02_containment_room_ceiling.dae" IsOccluder="true" />
        <Entry CastShadows="true" Collides="true" File="static_objects/station/roof/arch_cabletube_end01.dae" IsOccluder="true" />
        <Entry CastShadows="true" Collides="true" File="static_objects/station/roof/arch_cabletube_straight01.dae" IsOccluder="true" />
        <Entry CastShadows="true" Collides="true" File="static_objects/station/roof/arch_cabletube_straight02.dae" IsOccluder="true" />
        <Entry CastShadows="true" Collides="true" File="static_objects/station/roof/ceiling_rail_track.dae" IsOccluder="true" />
        <Entry CastShadows="true" Collides="true" File="static_objects/station/roof/ceiling_rail_track_changeheight.dae" IsOccluder="true" />
        <Entry CastShadows="true" Collides="true" File="static_objects/station/roof/ceiling_rail_track_straight_nosuport.dae" IsOccluder="true" />
        <Entry CastShadows="true" Collides="true" File="static_objects/station/roof/ceiling_rail_track_turn_left.dae" IsOccluder="true" />
        <Entry CastShadows="true" Collides="true" File="static_objects/station/roof/ceiling_rail_track_turn_right.dae" IsOccluder="true" />
        <Entry CastShadows="true" Collides="true" File="static_objects/station/roof/ceiling_rail_track_welder.dae" IsOccluder="true" />
        <Entry CastShadows="true" Collides="true" File="static_objects/station/roof/lab_cable_ladder.dae" IsOccluder="true" />
        <Entry CastShadows="true" Collides="true" File="static_objects/station/roof/lab_cable_ladder_turn_45_inner.dae" IsOccluder="true" />
        <Entry CastShadows="true" Collides="true" File="static_objects/station/roof/lab_cable_ladder_turn_45_outer.dae" IsOccluder="true" />
        <Entry CastShadows="true" Collides="true" File="static_objects/station/roof/lab_cable_ladder_turn_inner.dae" IsOccluder="true" />
        <Entry CastShadows="true" Collides="true" File="static_objects/station/roof/lab_cable_ladder_turn_outer.dae" IsOccluder="true" />
        <Entry CastShadows="true" Collides="true" File="static_objects/station/roof/lab_ceiling_box.dae" IsOccluder="true" />
        <Entry CastShadows="true" Collides="true" File="static_objects/station/roof/lab_ceiling_box_4way_plain.dae" IsOccluder="true" />
        <Entry CastShadows="true" Collides="true" File="static_objects/station/roof/lab_ceiling_box_4way_plain_rusty.dae" IsOccluder="true" />
        <Entry CastShadows="true" Collides="true" File="static_objects/station/roof/lab_ceiling_box_broken01.dae" IsOccluder="true" />
        <Entry CastShadows="true" Collides="true" File="static_objects/station/roof/lab_ceiling_box_curved_welder.dae" IsOccluder="true" />
        <Entry CastShadows="true" Collides="true" File="static_objects/station/roof/lab_ceiling_box_fan_inset.dae" IsOccluder="true" />
        <Entry CastShadows="true" Collides="true" File="static_objects/station/roof/lab_ceiling_box_hatch.dae" IsOccluder="true" />
        <Entry CastShadows="true" Collides="true" File="static_objects/station/roof/lab_ceiling_box_turn.dae" IsOccluder="true" />
        <Entry CastShadows="true" Collides="true" File="static_objects/station/roof/lab_ceiling_box_turn_45_left.dae" IsOccluder="true" />
        <Entry CastShadows="true" Collides="true" File="static_objects/station/roof/lab_ceiling_box_turn_45_right.dae" IsOccluder="true" />
        <Entry CastShadows="true" Collides="true" File="static_objects/station/roof/lab_ceiling_box_welder.dae" IsOccluder="true" />
        <Entry CastShadows="true" Collides="true" File="static_objects/station/roof/lab_ceiling_box_welder_concave.dae" IsOccluder="true" />
        <Entry CastShadows="true" Collides="true" File="static_objects/station/roof/lab_ceiling_box_welder_concave_plain.dae" IsOccluder="true" />
        <Entry CastShadows="true" Collides="true" File="static_objects/station/roof/lab_ceiling_box_welder_plain.dae" IsOccluder="true" />
        <Entry CastShadows="true" Collides="true" File="static_objects/station/roof/lab_ceiling_box_welder_plain_rusty.dae" IsOccluder="true" />
        <Entry CastShadows="true" Collides="true" File="static_objects/station/roof/lab_ceiling_pipes.dae" IsOccluder="true" />
        <Entry CastShadows="true" Collides="true" File="static_objects/station/roof/lab_ceiling_welder.dae" IsOccluder="true" />
        <Entry CastShadows="true" Collides="true" File="static_objects/station/roof/lab_ceiling_welder_corner_small.dae" IsOccluder="true" />
        <Entry CastShadows="true" Collides="true" File="static_objects/station/roof/lab_ceiling_welder_short.dae" IsOccluder="true" />
        <Entry CastShadows="true" Collides="true" File="static_objects/station/roof/lab_ceiling_welder_tiny.dae" IsOccluder="true" />
        <Entry CastShadows="true" Collides="true" File="static_objects/station/roof/lighting_rig_infirmary_special_01.dae" IsOccluder="true" />
        <Entry CastShadows="true" Collides="true" File="static_objects/station/roof/lighting_rig_infirmary_special_02.dae" IsOccluder="true" />
        <Entry CastShadows="true" Collides="true" File="static_objects/station/roof/lighting_rig_masters_special.dae" IsOccluder="true" />
        <Entry CastShadows="true" Collides="true" File="static_objects/station/roof/living_area_extruded_panel_empty.dae" IsOccluder="true" />
        <Entry CastShadows="true" Collides="true" File="static_objects/station/roof/living_area_extruded_panel_empty_white.dae" IsOccluder="true" />
        <Entry CastShadows="true" Collides="true" File="static_objects/station/roof/living_area_extruded_panel_fan.dae" IsOccluder="true" />
        <Entry CastShadows="true" Collides="true" File="static_objects/station/roof/living_area_extruded_panel_fan_white.dae" IsOccluder="true" />
        <Entry CastShadows="true" Collides="true" File="static_objects/station/roof/living_area_tiling_welder.dae" IsOccluder="true" />
        <Entry CastShadows="true" Collides="true" File="static_objects/station/roof/living_area_welder.dae" IsOccluder="true" />
        <Entry CastShadows="true" Collides="true" File="static_objects/station/roof/living_area_welder_end.dae" IsOccluder="true" />
        <Entry CastShadows="true" Collides="true" File="static_objects/station/roof/living_area_welder_end_brown.dae" IsOccluder="true" />
        <Entry CastShadows="true" Collides="true" File="static_objects/station/roof/living_area_welder_end_overgrown.dae" IsOccluder="true" />
        <Entry CastShadows="true" Collides="true" File="static_objects/station/roof/living_area_welder_overgrown.dae" IsOccluder="true" />
        <Entry CastShadows="true" Collides="true" File="static_objects/station/roof/metal.dae" IsOccluder="true" />
        <Entry CastShadows="true" Collides="true" File="static_objects/station/roof/metal_vent.dae" IsOccluder="true" />
        <Entry CastShadows="true" Collides="true" File="static_objects/station/roof/pplant_welder_concave_short.dae" IsOccluder="true" />
        <Entry CastShadows="true" Collides="true" File="static_objects/station/roof/pplant_welder_convex_short.dae" IsOccluder="true" />
        <Entry CastShadows="true" Collides="true" File="static_objects/station/roof/pplant_welder_short.dae" IsOccluder="true" />
        <Entry CastShadows="true" Collides="true" File="static_objects/station/roof/pptiling_damaged01.dae" IsOccluder="true" />
        <Entry CastShadows="true" Collides="true" File="static_objects/station/roof/pptiling_damaged02.dae" IsOccluder="true" />
        <Entry CastShadows="true" Collides="true" File="static_objects/station/roof/pptiling_damaged03.dae" IsOccluder="true" />
        <Entry CastShadows="true" Collides="true" File="static_objects/station/roof/pptiling_light_damaged01.dae" IsOccluder="true" />
        <Entry CastShadows="true" Collides="true" File="static_objects/station/roof/pptiling_light_damaged02.dae" IsOccluder="true" />
        <Entry CastShadows="true" Collides="true" File="static_objects/station/roof/pptiling_light_damaged03.dae" IsOccluder="true" />
        <Entry CastShadows="true" Collides="true" File="static_objects/station/roof/railing_ceiling_bend.dae" IsOccluder="true" />
        <Entry CastShadows="true" Collides="true" File="static_objects/station/roof/railing_ceiling_bend_short.dae" IsOccluder="true" />
        <Entry CastShadows="true" Collides="true" File="static_objects/station/roof/railing_ceiling_bend_short_nosupport.dae" IsOccluder="true" />
        <Entry CastShadows="true" Collides="true" File="static_objects/station/roof/railing_ceiling_end_tiny.dae" IsOccluder="true" />
        <Entry CastShadows="true" Collides="true" File="static_objects/station/roof/railing_ceiling_straight.dae" IsOccluder="true" />
        <Entry CastShadows="true" Collides="true" File="static_objects/station/roof/railing_ceiling_straight_1m_nosupport.dae" IsOccluder="true" />
        <Entry CastShadows="true" Collides="true" File="static_objects/station/roof/railing_ceiling_straight_long.dae" IsOccluder="true" />
        <Entry CastShadows="true" Collides="true" File="static_objects/station/roof/railing_ceiling_straight_small.dae" IsOccluder="true" />
        <Entry CastShadows="true" Collides="true" File="static_objects/station/roof/railing_ceiling_transporter.dae" IsOccluder="true" />
        <Entry CastShadows="true" Collides="true" File="static_objects/station/roof/railing_ceiling_vertical_raise_long.dae" IsOccluder="true" />
        <Entry CastShadows="true" Collides="true" File="static_objects/station/roof/support_holder_hanging.dae" IsOccluder="true" />
        <Entry CastShadows="true" Collides="true" File="static_objects/station/roof/support_holder_hanging_extension.dae" IsOccluder="true" />
        <Entry CastShadows="true" Collides="true" File="static_objects/station/roof/theta_bend_roof.dae" IsOccluder="true" />
        <Entry CastShadows="true" Collides="true" File="static_objects/station/roof/theta_ceiling_supporter01.dae" IsOccluder="true" />
        <Entry CastShadows="true" Collides="true" File="static_objects/station/roof/theta_ceiling_supporter01_rusty.dae" IsOccluder="true" />
        <Entry CastShadows="true" Collides="true" File="static_objects/station/roof/theta_ceiling_welder.dae" IsOccluder="true" />
        <Entry CastShadows="true" Collides="true" File="static_objects/station/roof/theta_ceiling_welder_bend.dae" IsOccluder="true" />
        <Entry CastShadows="true" Collides="true" File="static_objects/station/roof/welder.dae" IsOccluder="true" />
        <Entry CastShadows="true" Collides="true" File="static_objects/station/roof/welder_ceiling_concave_pplant.dae" IsOccluder="true" />
        <Entry CastShadows="true" Collides="true" File="static_objects/station/roof/welder_ceiling_concave_small_end_pplant.dae" IsOccluder="true" />
        <Entry CastShadows="true" Collides="true" File="static_objects/station/roof/welder_ceiling_concave_small_pplant.dae" IsOccluder="true" />
        <Entry CastShadows="true" Collides="true" File="static_objects/station/roof/welder_ceiling_convex_pplant.dae" IsOccluder="true" />
        <Entry CastShadows="true" Collides="true" File="static_objects/station/roof/welder_ceiling_convex_small_pplant.dae" IsOccluder="true" />
        <Entry CastShadows="true" Collides="true" File="static_objects/station/roof/welder_ceiling_pplant.dae" IsOccluder="true" />
        <Entry CastShadows="true" Collides="true" File="static_objects/station/roof/welder_ceiling_pplant_divider.dae" IsOccluder="true" />
        <Entry CastShadows="true" Collides="true" File="static_objects/station/roof/welder_ceiling_pplant_divider_small.dae" IsOccluder="true" />
        <Entry CastShadows="true" Collides="true" File="static_objects/station/roof/welder_ceiling_short_pplant.dae" IsOccluder="true" />
        <Entry CastShadows="true" Collides="true" File="static_objects/station/roof/welder_corridor.dae" IsOccluder="false" />
        <Entry CastShadows="true" Collides="true" File="static_objects/station/roof/welder_girder_base.dae" IsOccluder="true" />
        <Entry CastShadows="true" Collides="true" File="static_objects/station/roof/welder_girder_bent01.dae" IsOccluder="true" />
        <Entry CastShadows="true" Collides="true" File="static_objects/station/roof/welder_girder_bent02.dae" IsOccluder="true" />
        <Entry CastShadows="true" Collides="true" File="static_objects/station/roof/welder_girder_bent03.dae" IsOccluder="true" />
        <Entry CastShadows="true" Collides="true" File="static_objects/station/roof/welder_girder_concave.dae" IsOccluder="true" />
        <Entry CastShadows="true" Collides="true" File="static_objects/station/roof/welder_girder_convex.dae" IsOccluder="true" />
        <Entry CastShadows="true" Collides="true" File="static_objects/station/roof/welder_girder_roof_to_wall.dae" IsOccluder="true" />
        <Entry CastShadows="true" Collides="true" File="static_objects/station/roof/welder_girder_roof_to_wall_small.dae" IsOccluder="true" />
        <Entry CastShadows="true" Collides="true" File="static_objects/station/roof/welder_girder_straight.dae" IsOccluder="true" />
        <Entry CastShadows="true" Collides="true" File="static_objects/station/roof/welder_girder_straight_small.dae" IsOccluder="true" />
        <Entry CastShadows="true" Collides="true" File="static_objects/station/special/01_01_doorway_robot_storage.dae" IsOccluder="true" />
        <Entry CastShadows="true" Collides="true" File="static_objects/station/special/01_01_monitoring_dome/01_01_monitoring_dome.dae" IsOccluder="true" />
        <Entry CastShadows="true" Collides="true" File="static_objects/station/special/01_01_observation_crane/01_01_observation_crane.dae" IsOccluder="true" />
        <Entry CastShadows="true" Collides="true" File="static_objects/station/special/01_01_simon_soma_no_head/01_01_simon_soma_no_head.dae" IsOccluder="true" />
        <Entry CastShadows="true" Collides="true" File="static_objects/station/special/01_01_simon_soma_no_head/01_01_simon_soma_no_head_decal.dae" IsOccluder="true" />
        <Entry CastShadows="true" Collides="true" File="static_objects/station/special/01_02_comm_room_floor_pplant/01_02_comm_room_floor_pplant.dae" IsOccluder="true" />
        <Entry CastShadows="true" Collides="true" File="static_objects/station/special/01_02_comm_room_pipes_pplant/01_02_comm_room_pipes_pplant.dae" IsOccluder="true" />
        <Entry CastShadows="true" Collides="true" File="static_objects/station/special/01_02_comm_room_tunnel_exit/01_02_comm_room_tunnel_exit.dae" IsOccluder="true" />
        <Entry CastShadows="true" Collides="true" File="static_objects/station/special/01_02_comm_room_wall_interior.dae" IsOccluder="true" />
        <Entry CastShadows="true" Collides="true" File="static_objects/station/special/01_02_comm_room_wall_interior_tunnel.dae" IsOccluder="true" />
        <Entry CastShadows="true" Collides="true" File="static_objects/station/special/01_02_elevated_platform_pplant.dae" IsOccluder="true" />
        <Entry CastShadows="true" Collides="true" File="static_objects/station/special/01_02_hub_room_stairwell/01_02_hub_room_stairwell.dae" IsOccluder="true" />
        <Entry CastShadows="true" Collides="true" File="static_objects/station/special/01_02_machine_room_track_door_pplant/01_02_machine_room_track_door_pplant.dae" IsOccluder="true" />
        <Entry CastShadows="true" Collides="true" File="static_objects/station/special/01_02_pplant_ground_tunnel_edge/01_02_pplant_ground_tunnel_edge.dae" IsOccluder="true" />
        <Entry CastShadows="true" Collides="true" File="static_objects/station/special/01_02_stairway_main_floor_pplant.dae" IsOccluder="true" />
        <Entry CastShadows="true" Collides="true" File="static_objects/station/special/01_02_stairwell_cage/01_02_stairwell_cage.dae" IsOccluder="true" />
        <Entry CastShadows="true" Collides="true" File="static_objects/station/special/01_02_storage_room_tunnel/01_02_storage_room_tunnel.dae" IsOccluder="true" />
        <Entry CastShadows="true" Collides="true" File="static_objects/station/special/01_02_thermal_hole_pplant.dae" IsOccluder="true" />
        <Entry CastShadows="true" Collides="true" File="static_objects/station/special/01_02_turbine_hole_pplant.dae" IsOccluder="true" />
        <Entry CastShadows="true" Collides="true" File="static_objects/station/special/01_02_turbine_hole_small_pplant.dae" IsOccluder="true" />
        <Entry CastShadows="true" Collides="true" File="static_objects/station/special/02_01_hubroom_floor/02_01_hubroom_floor.dae" IsOccluder="true" />
        <Entry CastShadows="true" Collides="true" File="static_objects/station/special/02_05_beach/02_05_beach.dae" IsOccluder="true" />
        <Entry CastShadows="true" Collides="true" File="static_objects/station/special/02_05_cabin/02_05_cabin.dae" IsOccluder="true" />
        <Entry CastShadows="true" Collides="true" File="static_objects/station/special/02_05_dunbat_gate_rockwall/02_05_dunbat_gate_rockwall.dae" IsOccluder="true" />
        <Entry CastShadows="true" Collides="true" File="static_objects/station/special/02_05_dunbat_interior/02_05_dunbat_interior.dae" IsOccluder="true" />
        <Entry CastShadows="true" Collides="true" File="static_objects/station/special/02_05_server_ceiling_grid/02_05_server_ceiling_grid_small.dae" IsOccluder="true" />
        <Entry CastShadows="true" Collides="true" File="static_objects/station/special/02_05_server_ceiling_grid/02_05_server_ceiling_grid_small_ends.dae" IsOccluder="true" />
        <Entry CastShadows="true" Collides="true" File="static_objects/station/special/02_05_server_ceiling_grid/02_05_server_ceiling_grid_small_rusty.dae" IsOccluder="true" />
        <Entry CastShadows="true" Collides="true" File="static_objects/station/special/02_05_tunnel_theta/02_05_staircase_room_cylinder.dae" IsOccluder="true" />
        <Entry CastShadows="true" Collides="true" File="static_objects/station/special/02_06_ark_room_central_hub/02_06_ark_room_central_hub.dae" IsOccluder="true" />
        <Entry CastShadows="true" Collides="true" File="static_objects/station/special/02_06_corridor_cave_in/02_06_corridor_cave_in.dae" IsOccluder="true" />
        <Entry CastShadows="true" Collides="true" File="static_objects/station/special/02_06_corridor_cave_in/02_06_corridor_cave_in_02.dae" IsOccluder="true" />
        <Entry CastShadows="true" Collides="true" File="static_objects/station/special/02_06_stairwell_cave_in.dae" IsOccluder="true" />
        <Entry CastShadows="true" Collides="true" File="static_objects/station/special/02_07_fallen_scaffolding/02_07_fallen_scaffolding.dae" IsOccluder="true" />
        <Entry CastShadows="true" Collides="true" File="static_objects/station/special/03_02_containment_room_floor/03_02_containment_room_floor02.dae" IsOccluder="true" />
        <Entry CastShadows="true" Collides="true" File="static_objects/station/special/03_02_containment_room_railing/03_02_containment_room_railing_big.dae" IsOccluder="true" />
        <Entry CastShadows="true" Collides="true" File="static_objects/station/special/03_02_containment_room_railing/03_02_containment_room_railing_side.dae" IsOccluder="true" />
        <Entry CastShadows="true" Collides="true" File="static_objects/station/special/03_02_stairs/03_02_stairs.dae" IsOccluder="true" />
        <Entry CastShadows="true" Collides="true" File="static_objects/station/special/04_02_8sided_roof_wau_filler/04_02_8sided_roof_wau_filler.dae" IsOccluder="true" />
        <Entry CastShadows="true" Collides="true" File="static_objects/station/special/04_02_catwalk_reactor.dae" IsOccluder="true" />
        <Entry CastShadows="true" Collides="true" File="static_objects/station/special/04_02_divingroom/04_02_divingroom_platform.DAE" IsOccluder="true" />
        <Entry CastShadows="true" Collides="true" File="static_objects/station/special/04_02_glass_wall/04_02_glass_wall.dae" IsOccluder="true" />
        <Entry CastShadows="true" Collides="true" File="static_objects/station/special/04_02_infirmary_curtain_pieces/04_02_infirmary_curtain_railing_special.dae" IsOccluder="true" />
        <Entry CastShadows="true" Collides="true" File="static_objects/station/special/04_02_infirmary_curtain_pieces/04_02_infirmary_curtain_railing_straight_noroof.dae" IsOccluder="true" />
        <Entry CastShadows="true" Collides="true" File="static_objects/station/special/04_02_infirmary_curtain_pieces/04_02_infirmary_curtain_railing_turn_noroof.dae" IsOccluder="true" />
        <Entry CastShadows="true" Collides="true" File="static_objects/station/special/04_02_pressure_test_chamber_wall/04_02_pressure_test_chamber_wall.dae" IsOccluder="true" />
        <Entry CastShadows="true" Collides="true" File="static_objects/station/special/04_02_reactor_room_floor/04_02_reactor_room_floor.dae" IsOccluder="true" />
        <Entry CastShadows="true" Collides="true" File="static_objects/station/special/04_02_reactor_room_modules/04_02_reactorwall_large.DAE" IsOccluder="true" />
        <Entry CastShadows="true" Collides="true" File="static_objects/station/special/04_02_reactor_room_modules/04_02_reactorwall_large_window.DAE" IsOccluder="true" />
        <Entry CastShadows="true" Collides="true" File="static_objects/station/special/04_02_reactor_room_modules/04_02_reactorwall_small.DAE" IsOccluder="true" />
        <Entry CastShadows="true" Collides="true" File="static_objects/station/special/04_02_reactor_room_modules/04_02_reactorwall_small_window.DAE" IsOccluder="true" />
        <Entry CastShadows="true" Collides="true" File="static_objects/station/special/04_02_reactor_room_modules/04_02_reactorwall_top_large.DAE" IsOccluder="true" />
        <Entry CastShadows="true" Collides="true" File="static_objects/station/special/04_02_reactor_room_modules/04_02_reactorwall_window.DAE" IsOccluder="true" />
        <Entry CastShadows="true" Collides="true" File="static_objects/station/special/04_02_reactor_room_modules/04_02_reactr_obsevation_window.DAE" IsOccluder="true" />
        <Entry CastShadows="true" Collides="true" File="static_objects/station/special/04_02_reactor_room_modules/04_02_tau_top_small.DAE" IsOccluder="true" />
        <Entry CastShadows="true" Collides="true" File="static_objects/station/special/04_02_reactor_room_modules/04_02_tau_tunnel_reactorcontrollroom.DAE" IsOccluder="true" />
        <Entry CastShadows="true" Collides="true" File="static_objects/station/special/04_03_lab_panels_hear_room_opening.dae" IsOccluder="true" />
        <Entry CastShadows="true" Collides="true" File="static_objects/station/special/04_03_lab_panels_hear_room_opening_2.dae" IsOccluder="true" />
        <Entry CastShadows="true" Collides="true" File="static_objects/station/special/04_03_lab_panels_heart_room_floor_tiles.dae" IsOccluder="true" />
        <Entry CastShadows="true" Collides="true" File="static_objects/station/special/phi_area_hub.DAE" IsOccluder="true" />
        <Entry CastShadows="true" Collides="true" File="static_objects/station/special/tau_8sided_room_1door.dae" IsOccluder="true" />
        <Entry CastShadows="true" Collides="true" File="static_objects/station/special/tau_8sided_room_1door_reactorcontrol.dae" IsOccluder="true" />
        <Entry CastShadows="true" Collides="true" File="static_objects/station/special/tau_8sided_room_2doors.dae" IsOccluder="true" />
        <Entry CastShadows="true" Collides="true" File="static_objects/station/special/tau_8sided_room_2doors_crumbling.dae" IsOccluder="true" />
        <Entry CastShadows="true" Collides="true" File="static_objects/station/special/tau_8sided_room_chemlab_1door.dae" IsOccluder="true" />
        <Entry CastShadows="true" Collides="true" File="static_objects/station/special/tau_8sided_room_divingroom_2door.dae" IsOccluder="true" />
        <Entry CastShadows="true" Collides="true" File="static_objects/station/special/tau_8sided_room_divingroom_2door02.dae" IsOccluder="true" />
        <Entry CastShadows="true" Collides="true" File="static_objects/station/special/tau_8sided_room_divingroom_2door03.dae" IsOccluder="true" />
        <Entry CastShadows="true" Collides="true" File="static_objects/station/special/tau_8sided_room_infirmary_1door.dae" IsOccluder="true" />
        <Entry CastShadows="true" Collides="true" File="static_objects/station/special/tau_8sided_room_infirmary_1door_indented_sleeping.dae" IsOccluder="true" />
        <Entry CastShadows="true" Collides="true" File="static_objects/station/special/tau_8sided_room_infirmary_partitionwall.dae" IsOccluder="true" />
        <Entry CastShadows="true" Collides="true" File="static_objects/station/special/tau_8sided_room_reactorroom.dae" IsOccluder="true" />
        <Entry CastShadows="true" Collides="true" File="static_objects/station/special/tau_living_area_hub.dae" IsOccluder="true" />
        <Entry CastShadows="true" Collides="true" File="static_objects/station/special/tau_living_area_hub_light.dae" IsOccluder="true" />
        <Entry CastShadows="true" Collides="true" File="static_objects/station/special/tau_receiving_area.dae" IsOccluder="true" />
        <Entry CastShadows="true" Collides="true" File="static_objects/station/special/tau_tunnel_ladder_short_uturn_infirmary.dae" IsOccluder="true" />
        <Entry CastShadows="true" Collides="true" File="static_objects/station/special/trainstation.dae" IsOccluder="true" />
        <Entry CastShadows="true" Collides="true" File="static_objects/station/special/traintunnel_escape_ladderhole.dae" IsOccluder="true" />
        <Entry CastShadows="true" Collides="true" File="static_objects/station/special/traintunnel_s_curve.dae" IsOccluder="true" />
        <Entry CastShadows="true" Collides="true" File="static_objects/station/special/traintunnel_s_curve_no_door.dae" IsOccluder="true" />
        <Entry CastShadows="true" Collides="true" File="static_objects/station/stairs/hub_room_special.dae" IsOccluder="true" />
        <Entry CastShadows="true" Collides="true" File="static_objects/station/stairs/ladder_pplant/ladder_base_pplant.dae" IsOccluder="true" />
        <Entry CastShadows="true" Collides="true" File="static_objects/station/stairs/ladder_pplant/ladder_long_pplant.dae" IsOccluder="true" />
        <Entry CastShadows="true" Collides="true" File="static_objects/station/stairs/ladder_pplant/ladder_long_pplant_broken.dae" IsOccluder="true" />
        <Entry CastShadows="true" Collides="true" File="static_objects/station/stairs/ladder_pplant/ladder_short_pplant.dae" IsOccluder="true" />
        <Entry CastShadows="true" Collides="true" File="static_objects/station/stairs/ladder_pplant/ladder_top_pplant.dae" IsOccluder="true" />
        <Entry CastShadows="true" Collides="true" File="static_objects/station/stairs/ladder_pplant/ladder_top_pplant_broken.dae" IsOccluder="true" />
        <Entry CastShadows="true" Collides="true" File="static_objects/station/stairs/metal_closable_bottom.dae" IsOccluder="true" />
        <Entry CastShadows="true" Collides="true" File="static_objects/station/stairs/metal_closable_frame.dae" IsOccluder="true" />
        <Entry CastShadows="true" Collides="true" File="static_objects/station/stairs/metal_closable_middle.dae" IsOccluder="true" />
        <Entry CastShadows="true" Collides="true" File="static_objects/station/stairs/metal_closable_top.dae" IsOccluder="true" />
        <Entry CastShadows="true" Collides="true" File="static_objects/station/stairs/metal_datasite_concave_left.dae" IsOccluder="true" />
        <Entry CastShadows="true" Collides="true" File="static_objects/station/stairs/metal_datasite_concave_right.dae" IsOccluder="true" />
        <Entry CastShadows="true" Collides="true" File="static_objects/station/stairs/metal_datasite_straight.dae" IsOccluder="true" />
        <Entry CastShadows="true" Collides="true" File="static_objects/station/stairs/metal_datasite_straight_short.dae" IsOccluder="true" />
        <Entry CastShadows="true" Collides="true" File="static_objects/station/stairs/metal_datasite_straight_short_white.dae" IsOccluder="true" />
        <Entry CastShadows="true" Collides="true" File="static_objects/station/stairs/metal_datasite_straight_white.dae" IsOccluder="true" />
        <Entry CastShadows="true" Collides="true" File="static_objects/station/stairs/metal_flip.dae" IsOccluder="true" />
        <Entry CastShadows="true" Collides="true" File="static_objects/station/stairs/metal_flip_closable.dae" IsOccluder="true" />
        <Entry CastShadows="true" Collides="true" File="static_objects/station/stairs/metal_pplant_hub_room_special.dae" IsOccluder="true" />
        <Entry CastShadows="true" Collides="true" File="static_objects/station/stairs/metal_pplant_step.dae" IsOccluder="true" />
        <Entry CastShadows="true" Collides="true" File="static_objects/station/stairs/metal_pplant_straight.dae" IsOccluder="true" />
        <Entry CastShadows="true" Collides="true" File="static_objects/station/stairs/metal_pplant_wide_short.dae" IsOccluder="true" />
        <Entry CastShadows="true" Collides="true" File="static_objects/station/stairs/metal_theta_rusty_norail.dae" IsOccluder="true" />
        <Entry CastShadows="true" Collides="true" File="static_objects/station/stairs/metal_theta_rusty_short_platform.dae" IsOccluder="true" />
        <Entry CastShadows="true" Collides="true" File="static_objects/station/stairs/metal_theta_rusty_stairwell_short.dae" IsOccluder="true" />
        <Entry CastShadows="true" Collides="true" File="static_objects/station/stairs/stairs_traintunnel.dae" IsOccluder="true" />
        <Entry CastShadows="true" Collides="true" File="static_objects/station/stairs/tau_shell_platform.dae" IsOccluder="true" />
        <Entry CastShadows="true" Collides="true" File="static_objects/station/tech/consoles01.dae" IsOccluder="true" />
        <Entry CastShadows="true" Collides="true" File="static_objects/station/tech/consoles01_brown.dae" IsOccluder="true" />
        <Entry CastShadows="true" Collides="true" File="static_objects/station/tech/consoles02.dae" IsOccluder="true" />
        <Entry CastShadows="true" Collides="true" File="static_objects/station/tech/consoles02_brown.dae" IsOccluder="true" />
        <Entry CastShadows="true" Collides="true" File="static_objects/station/tech/nixiebox.dae" IsOccluder="true" />
        <Entry CastShadows="true" Collides="true" File="static_objects/station/tech/nixiebox_1024869.dae" IsOccluder="true" />
        <Entry CastShadows="true" Collides="true" File="static_objects/station/tech/nixiebox_20121221.dae" IsOccluder="true" />
        <Entry CastShadows="true" Collides="true" File="static_objects/station/tech/pressure_gauges.dae" IsOccluder="true" />
        <Entry CastShadows="true" Collides="true" File="static_objects/station/tech/pressure_gauges_brown.dae" IsOccluder="true" />
        <Entry CastShadows="true" Collides="true" File="static_objects/station/tunnel/02_06_medical_hub_special.dae" IsOccluder="true" />
        <Entry CastShadows="true" Collides="true" File="static_objects/station/tunnel/02_06_security_hub_special.dae" IsOccluder="true" />
        <Entry CastShadows="true" Collides="true" File="static_objects/station/tunnel/02_06_stairs_short_special.dae" IsOccluder="true" />
        <Entry CastShadows="true" Collides="true" File="static_objects/station/tunnel/02_06_stairs_special.dae" IsOccluder="true" />
        <Entry CastShadows="true" Collides="true" File="static_objects/station/tunnel/02_06_straight_ladder_special.dae" IsOccluder="true" />
        <Entry CastShadows="true" Collides="true" File="static_objects/station/tunnel/02_06_tunnel_trap_special.dae" IsOccluder="true" />
        <Entry CastShadows="true" Collides="true" File="static_objects/station/tunnel/02_06_water_service_room_special.dae" IsOccluder="true" />
        <Entry CastShadows="true" Collides="true" File="static_objects/station/tunnel/02_07_flushtunnel_3way_special.dae" IsOccluder="true" />
        <Entry CastShadows="true" Collides="true" File="static_objects/station/tunnel/02_07_flushtunnel_hub_special.dae" IsOccluder="true" />
        <Entry CastShadows="true" Collides="true" File="static_objects/station/tunnel/05_01_adon_box_large.DAE" IsOccluder="true" />
        <Entry CastShadows="true" Collides="true" File="static_objects/station/tunnel/05_01_adon_box_large_01.DAE" IsOccluder="true" />
        <Entry CastShadows="true" Collides="true" File="static_objects/station/tunnel/05_01_adon_box_large_02.DAE" IsOccluder="true" />
        <Entry CastShadows="true" Collides="true" File="static_objects/station/tunnel/05_01_adon_box_small.DAE" IsOccluder="true" />
        <Entry CastShadows="true" Collides="true" File="static_objects/station/tunnel/05_01_adon_fot.DAE" IsOccluder="true" />
        <Entry CastShadows="true" Collides="true" File="static_objects/station/tunnel/05_01_adon_fot_short.DAE" IsOccluder="true" />
        <Entry CastShadows="true" Collides="true" File="static_objects/station/tunnel/05_01_adon_railing.DAE" IsOccluder="true" />
        <Entry CastShadows="true" Collides="true" File="static_objects/station/tunnel/05_01_adon_railing_short.DAE" IsOccluder="true" />
        <Entry CastShadows="true" Collides="true" File="static_objects/station/tunnel/05_01_adon_ring_large.DAE" IsOccluder="true" />
        <Entry CastShadows="true" Collides="true" File="static_objects/station/tunnel/05_01_adon_support.DAE" IsOccluder="true" />
        <Entry CastShadows="true" Collides="true" File="static_objects/station/tunnel/airlock_tau.dae" IsOccluder="true" />
        <Entry CastShadows="true" Collides="true" File="static_objects/station/tunnel/airlock_tau_ark.dae" IsOccluder="true" />
        <Entry CastShadows="true" Collides="true" File="static_objects/station/tunnel/airlock_tau_ark_phi.dae" IsOccluder="true" />
        <Entry CastShadows="true" Collides="true" File="static_objects/station/tunnel/airlock_tau_ark_test.dae" IsOccluder="true" />
        <Entry CastShadows="true" Collides="true" File="static_objects/station/tunnel/flush_tunnel_02_07_3way.dae" IsOccluder="true" />
        <Entry CastShadows="true" Collides="true" File="static_objects/station/tunnel/flush_tunnel_02_07_3way_broken.dae" IsOccluder="true" />
        <Entry CastShadows="true" Collides="true" File="static_objects/station/tunnel/flush_tunnel_02_07_3way_shortened.dae" IsOccluder="true" />
        <Entry CastShadows="true" Collides="true" File="static_objects/station/tunnel/flush_tunnel_02_07_4way.dae" IsOccluder="true" />
        <Entry CastShadows="true" Collides="true" File="static_objects/station/tunnel/flush_tunnel_02_07_straight_broken_roof.dae" IsOccluder="true" />
        <Entry CastShadows="true" Collides="true" File="static_objects/station/tunnel/flush_tunnel_02_07_straight_extrashort.DAE" IsOccluder="true" />
        <Entry CastShadows="true" Collides="true" File="static_objects/station/tunnel/flush_tunnel_02_07_straight_extrashort_turn_25.DAE" IsOccluder="true" />
        <Entry CastShadows="true" Collides="true" File="static_objects/station/tunnel/flush_tunnel_02_07_straight_extrashort_up_15.DAE" IsOccluder="true" />
        <Entry CastShadows="true" Collides="true" File="static_objects/station/tunnel/flush_tunnel_02_07_straight_short.dae" IsOccluder="true" />
        <Entry CastShadows="true" Collides="true" File="static_objects/station/tunnel/flush_tunnel_02_07_straight_short_broken.dae" IsOccluder="true" />
        <Entry CastShadows="true" Collides="true" File="static_objects/station/tunnel/flush_tunnel_02_07_straight_short_vent.dae" IsOccluder="true" />
        <Entry CastShadows="true" Collides="true" File="static_objects/station/tunnel/flush_tunnel_02_07_turn.dae" IsOccluder="true" />
        <Entry CastShadows="true" Collides="true" File="static_objects/station/tunnel/maintenance_tunnel/maintenance_tunnel_T_plain.dae" IsOccluder="true" />
        <Entry CastShadows="true" Collides="true" File="static_objects/station/tunnel/maintenance_tunnel/maintenance_tunnel_end_plain.dae" IsOccluder="true" />
        <Entry CastShadows="true" Collides="true" File="static_objects/station/tunnel/maintenance_tunnel/maintenance_tunnel_open_bottom.dae" IsOccluder="true" />
        <Entry CastShadows="true" Collides="true" File="static_objects/station/tunnel/maintenance_tunnel/maintenance_tunnel_open_top.dae" IsOccluder="true" />
        <Entry CastShadows="true" Collides="true" File="static_objects/station/tunnel/maintenance_tunnel/maintenance_tunnel_panel_plain.dae" IsOccluder="true" />
        <Entry CastShadows="true" Collides="true" File="static_objects/station/tunnel/maintenance_tunnel/maintenance_tunnel_straight_plain.dae" IsOccluder="true" />
        <Entry CastShadows="true" Collides="true" File="static_objects/station/tunnel/maintenance_tunnel/maintenance_tunnel_turn_plain.dae" IsOccluder="true" />
        <Entry CastShadows="true" Collides="true" File="static_objects/station/tunnel/maintenance_tunnel/maintenance_tunnel_vertical.dae" IsOccluder="true" />
        <Entry CastShadows="true" Collides="true" File="static_objects/station/tunnel/phi_tunnel_3way.DAE" IsOccluder="true" />
        <Entry CastShadows="true" Collides="true" File="static_objects/station/tunnel/phi_tunnel_4way.DAE" IsOccluder="true" />
        <Entry CastShadows="true" Collides="true" File="static_objects/station/tunnel/phi_tunnel_ladder_long.DAE" IsOccluder="true" />
        <Entry CastShadows="true" Collides="true" File="static_objects/station/tunnel/phi_tunnel_straight.DAE" IsOccluder="true" />
        <Entry CastShadows="true" Collides="true" File="static_objects/station/tunnel/phi_tunnel_straight_short.DAE" IsOccluder="true" />
        <Entry CastShadows="true" Collides="true" File="static_objects/station/tunnel/pump_tunnel_02_07_3way.dae" IsOccluder="true" />
        <Entry CastShadows="true" Collides="true" File="static_objects/station/tunnel/pump_tunnel_02_07_4way.dae" IsOccluder="true" />
        <Entry CastShadows="true" Collides="true" File="static_objects/station/tunnel/pump_tunnel_02_07_straight_short.dae" IsOccluder="true" />
        <Entry CastShadows="true" Collides="true" File="static_objects/station/tunnel/pump_tunnel_02_07_turn.dae" IsOccluder="true" />
        <Entry CastShadows="true" Collides="true" File="static_objects/station/tunnel/straight_doorway_double.dae" IsOccluder="true" />
        <Entry CastShadows="true" Collides="true" File="static_objects/station/tunnel/tau_tunnel_3way.dae" IsOccluder="true" />
        <Entry CastShadows="true" Collides="true" File="static_objects/station/tunnel/tau_tunnel_4way.dae" IsOccluder="true" />
        <Entry CastShadows="true" Collides="true" File="static_objects/station/tunnel/tau_tunnel_crewroom.dae" IsOccluder="true" />
        <Entry CastShadows="true" Collides="true" File="static_objects/station/tunnel/tau_tunnel_door_large_frame.dae" IsOccluder="true" />
        <Entry CastShadows="true" Collides="true" File="static_objects/station/tunnel/tau_tunnel_door_small_frame.dae" IsOccluder="true" />
        <Entry CastShadows="true" Collides="true" File="static_objects/station/tunnel/tau_tunnel_door_small_frame_light.dae" IsOccluder="true" />
        <Entry CastShadows="true" Collides="true" File="static_objects/station/tunnel/tau_tunnel_ladder.dae" IsOccluder="true" />
        <Entry CastShadows="true" Collides="true" File="static_objects/station/tunnel/tau_tunnel_ladder_short.dae" IsOccluder="true" />
        <Entry CastShadows="true" Collides="true" File="static_objects/station/tunnel/tau_tunnel_ladder_short_turn_left.dae" IsOccluder="true" />
        <Entry CastShadows="true" Collides="true" File="static_objects/station/tunnel/tau_tunnel_ladder_short_uturn.dae" IsOccluder="true" />
        <Entry CastShadows="true" Collides="true" File="static_objects/station/tunnel/tau_tunnel_ladder_uturn.dae" IsOccluder="true" />
        <Entry CastShadows="true" Collides="true" File="static_objects/station/tunnel/tau_tunnel_straight.dae" IsOccluder="true" />
        <Entry CastShadows="true" Collides="true" File="static_objects/station/tunnel/tau_tunnel_straight_crumbled.dae" IsOccluder="true" />
        <Entry CastShadows="true" Collides="true" File="static_objects/station/tunnel/tau_tunnel_straight_extender.dae" IsOccluder="true" />
        <Entry CastShadows="true" Collides="true" File="static_objects/station/tunnel/tau_tunnel_straight_extender_norail.dae" IsOccluder="true" />
        <Entry CastShadows="true" Collides="true" File="static_objects/station/tunnel/tau_tunnel_straight_large_door.dae" IsOccluder="true" />
        <Entry CastShadows="true" Collides="true" File="static_objects/station/tunnel/tau_tunnel_straight_short.dae" IsOccluder="true" />
        <Entry CastShadows="true" Collides="true" File="static_objects/station/tunnel/tau_tunnel_straight_short_large_door.dae" IsOccluder="true" />
        <Entry CastShadows="true" Collides="true" File="static_objects/station/tunnel/tau_tunnel_wall.dae" IsOccluder="true" />
        <Entry CastShadows="true" Collides="true" File="static_objects/station/tunnel/tau_tunnel_wall_window.dae" IsOccluder="true" />
        <Entry CastShadows="true" Collides="true" File="static_objects/station/tunnel/theta_traintunnel.dae" IsOccluder="true" />
        <Entry CastShadows="true" Collides="true" File="static_objects/station/tunnel/theta_traintunnel_doorframe_left.dae" IsOccluder="true" />
        <Entry CastShadows="true" Collides="true" File="static_objects/station/tunnel/theta_traintunnel_doorframe_right.dae" IsOccluder="true" />
        <Entry CastShadows="true" Collides="true" File="static_objects/station/tunnel/theta_traintunnel_noillum.dae" IsOccluder="true" />
        <Entry CastShadows="true" Collides="true" File="static_objects/station/tunnel/theta_traintunnel_noroof.dae" IsOccluder="true" />
        <Entry CastShadows="true" Collides="true" File="static_objects/station/tunnel/trainstation_maintenance_tunnels_01_04_entrance.dae" IsOccluder="true" />
        <Entry CastShadows="true" Collides="true" File="static_objects/station/tunnel/trainstation_maintenance_tunnels_drop.dae" IsOccluder="true" />
        <Entry CastShadows="true" Collides="true" File="static_objects/station/tunnel/trainstation_maintenance_tunnels_end.dae" IsOccluder="true" />
        <Entry CastShadows="true" Collides="true" File="static_objects/station/tunnel/trainstation_maintenance_tunnels_end_open.dae" IsOccluder="true" />
        <Entry CastShadows="true" Collides="true" File="static_objects/station/tunnel/trainstation_maintenance_tunnels_straight.dae" IsOccluder="true" />
        <Entry CastShadows="true" Collides="true" File="static_objects/station/tunnel/trainstation_maintenance_tunnels_straight_hatch_side.dae" IsOccluder="true" />
        <Entry CastShadows="true" Collides="true" File="static_objects/station/tunnel/trainstation_maintenance_tunnels_turn.dae" IsOccluder="true" />
        <Entry CastShadows="true" Collides="true" File="static_objects/station/tunnel/traintunnel_theta_test.dae" IsOccluder="true" />
        <Entry CastShadows="true" Collides="true" File="static_objects/station/tunnel/tunnel_observation/tunnel_observation_circular_area.dae" IsOccluder="true" />
        <Entry CastShadows="true" Collides="true" File="static_objects/station/tunnel/tunnel_observation/tunnel_observation_start.dae" IsOccluder="true" />
        <Entry CastShadows="true" Collides="true" File="static_objects/station/tunnel/tunnel_observation/tunnel_observation_start_noglass.dae" IsOccluder="true" />
        <Entry CastShadows="true" Collides="true" File="static_objects/station/tunnel/tunnel_observation_circular_area.dae" IsOccluder="true" />
        <Entry CastShadows="true" Collides="true" File="static_objects/station/tunnel/tunnel_observation_start.dae" IsOccluder="true" />
        <Entry CastShadows="true" Collides="true" File="static_objects/station/tunnel/tunnel_observation_temp.dae" IsOccluder="true" />
        <Entry CastShadows="true" Collides="true" File="static_objects/station/tunnel/tunnel_theta.dae" IsOccluder="true" />
        <Entry CastShadows="true" Collides="true" File="static_objects/station/tunnel/tunnel_theta_3way.dae" IsOccluder="true" />
        <Entry CastShadows="true" Collides="true" File="static_objects/station/tunnel/tunnel_theta_4way.dae" IsOccluder="true" />
        <Entry CastShadows="true" Collides="true" File="static_objects/station/tunnel/tunnel_theta_doorway.dae" IsOccluder="true" />
        <Entry CastShadows="true" Collides="true" File="static_objects/station/tunnel/tunnel_theta_end.dae" IsOccluder="true" />
        <Entry CastShadows="true" Collides="true" File="static_objects/station/tunnel/tunnel_theta_frame01.dae" IsOccluder="true" />
        <Entry CastShadows="true" Collides="true" File="static_objects/station/tunnel/tunnel_theta_frame02.dae" IsOccluder="true" />
        <Entry CastShadows="true" Collides="true" File="static_objects/station/tunnel/tunnel_theta_rock01.dae" IsOccluder="true" />
        <Entry CastShadows="true" Collides="true" File="static_objects/station/tunnel/tunnel_theta_room_square_small.dae" IsOccluder="true" />
        <Entry CastShadows="true" Collides="true" File="static_objects/station/tunnel/tunnel_theta_short.dae" IsOccluder="true" />
        <Entry CastShadows="true" Collides="true" File="static_objects/station/tunnel/tunnel_theta_straight_doorway_side.dae" IsOccluder="true" />
        <Entry CastShadows="true" Collides="true" File="static_objects/station/tunnel/tunnel_theta_straight_tr_large.dae" IsOccluder="true" />
        <Entry CastShadows="true" Collides="true" File="static_objects/station/tunnel/tunnel_theta_straight_tr_small-med.dae" IsOccluder="true" />
        <Entry CastShadows="true" Collides="true" File="static_objects/station/tunnel/tunnel_theta_t_junction.dae" IsOccluder="true" />
        <Entry CastShadows="true" Collides="true" File="static_objects/station/tunnel/tunnel_theta_t_junction_doorway_side.dae" IsOccluder="true" />
        <Entry CastShadows="true" Collides="true" File="static_objects/station/tunnel/tunnel_theta_turn_left.dae" IsOccluder="true" />
        <Entry CastShadows="true" Collides="true" File="static_objects/station/tunnel/tunnel_theta_turn_left_tr_large.dae" IsOccluder="true" />
        <Entry CastShadows="true" Collides="true" File="static_objects/station/tunnel/tunnel_theta_turn_right.dae" IsOccluder="true" />
        <Entry CastShadows="true" Collides="true" File="static_objects/station/tunnel/tunnel_theta_turn_right_sharp.dae" IsOccluder="true" />
        <Entry CastShadows="true" Collides="true" File="static_objects/station/tunnel/tunnel_theta_turn_sharp_doorway.dae" IsOccluder="true" />
        <Entry CastShadows="true" Collides="true" File="static_objects/station/tunnel/tunnel_theta_turn_vertical_short.dae" IsOccluder="true" />
        <Entry CastShadows="true" Collides="true" File="static_objects/station/walls/arch_wallmounted.dae" IsOccluder="true" />
        <Entry CastShadows="true" Collides="true" File="static_objects/station/walls/bathroom_concave.DAE" IsOccluder="true" />
        <Entry CastShadows="true" Collides="true" File="static_objects/station/walls/bathroom_convex_tiny.dae" IsOccluder="true" />
        <Entry CastShadows="true" Collides="true" File="static_objects/station/walls/bathroom_convex_tiny02.dae" IsOccluder="true" />
        <Entry CastShadows="true" Collides="true" File="static_objects/station/walls/bathroom_doorway.DAE" IsOccluder="true" />
        <Entry CastShadows="true" Collides="true" File="static_objects/station/walls/bathroom_flat.DAE" IsOccluder="true" />
        <Entry CastShadows="true" Collides="true" File="static_objects/station/walls/bevelled.dae" IsOccluder="true" />
        <Entry CastShadows="true" Collides="true" File="static_objects/station/walls/bevelled_concave.dae" IsOccluder="true" />
        <Entry CastShadows="true" Collides="true" File="static_objects/station/walls/bevelled_concave_small.dae" IsOccluder="true" />
        <Entry CastShadows="true" Collides="true" File="static_objects/station/walls/bevelled_console.dae" IsOccluder="true" />
        <Entry CastShadows="true" Collides="true" File="static_objects/station/walls/bevelled_convex.dae" IsOccluder="true" />
        <Entry CastShadows="true" Collides="true" File="static_objects/station/walls/bevelled_extender_1x4.dae" IsOccluder="true" />
        <Entry CastShadows="true" Collides="true" File="static_objects/station/walls/bevelled_welder.dae" IsOccluder="true" />
        <Entry CastShadows="true" Collides="true" File="static_objects/station/walls/catwalk test 2.dae" IsOccluder="true" />
        <Entry CastShadows="true" Collides="true" File="static_objects/station/walls/catwalk test girder.dae" IsOccluder="true" />
        <Entry CastShadows="true" Collides="true" File="static_objects/station/walls/catwalk test normal girder THE.dae" IsOccluder="true" />
        <Entry CastShadows="true" Collides="true" File="static_objects/station/walls/catwalk test normal girder curved.dae" IsOccluder="true" />
        <Entry CastShadows="true" Collides="true" File="static_objects/station/walls/catwalk test normal girder.dae" IsOccluder="true" />
        <Entry CastShadows="true" Collides="true" File="static_objects/station/walls/catwalk test.dae" IsOccluder="true" />
        <Entry CastShadows="true" Collides="true" File="static_objects/station/walls/concrete_test.dae" IsOccluder="true" />
        <Entry CastShadows="true" Collides="true" File="static_objects/station/walls/datasite_concave_large01.dae" IsOccluder="true" />
        <Entry CastShadows="true" Collides="true" File="static_objects/station/walls/datasite_concave_large01_brown_overgrown.DAE" IsOccluder="true" />
        <Entry CastShadows="true" Collides="true" File="static_objects/station/walls/datasite_concave_large02.dae" IsOccluder="true" />
        <Entry CastShadows="true" Collides="true" File="static_objects/station/walls/datasite_concave_top01.dae" IsOccluder="true" />
        <Entry CastShadows="true" Collides="true" File="static_objects/station/walls/datasite_concave_top02.dae" IsOccluder="true" />
        <Entry CastShadows="true" Collides="true" File="static_objects/station/walls/datasite_concave_top03.dae" IsOccluder="true" />
        <Entry CastShadows="true" Collides="true" File="static_objects/station/walls/datasite_convex_curved.dae" IsOccluder="true" />
        <Entry CastShadows="true" Collides="true" File="static_objects/station/walls/datasite_divesuit_lockers.dae" IsOccluder="true" />
        <Entry CastShadows="true" Collides="true" File="static_objects/station/walls/datasite_doorway.dae" IsOccluder="true" />
        <Entry CastShadows="true" Collides="true" File="static_objects/station/walls/datasite_doorway_omicron.dae" IsOccluder="true" />
        <Entry CastShadows="true" Collides="true" File="static_objects/station/walls/datasite_flat01.dae" IsOccluder="true" />
        <Entry CastShadows="true" Collides="true" File="static_objects/station/walls/datasite_flat01_brown.dae" IsOccluder="true" />
        <Entry CastShadows="true" Collides="true" File="static_objects/station/walls/datasite_flat01_brown_overgrown.dae" IsOccluder="true" />
        <Entry CastShadows="true" Collides="true" File="static_objects/station/walls/datasite_flat01_hatch.dae" IsOccluder="true" />
        <Entry CastShadows="true" Collides="true" File="static_objects/station/walls/datasite_flat01_maintenance_hatch.dae" IsOccluder="true" />
        <Entry CastShadows="true" Collides="true" File="static_objects/station/walls/datasite_flat01_short.dae" IsOccluder="true" />
        <Entry CastShadows="true" Collides="true" File="static_objects/station/walls/datasite_flat01_short_broken_left.dae" IsOccluder="true" />
        <Entry CastShadows="true" Collides="true" File="static_objects/station/walls/datasite_flat01_short_broken_right.dae" IsOccluder="true" />
        <Entry CastShadows="true" Collides="true" File="static_objects/station/walls/datasite_flat01_short_brown.dae" IsOccluder="true" />
        <Entry CastShadows="true" Collides="true" File="static_objects/station/walls/datasite_flat01_short_brown_overgrown.dae" IsOccluder="true" />
        <Entry CastShadows="true" Collides="true" File="static_objects/station/walls/datasite_flat01_window_large.dae" IsOccluder="true" />
        <Entry CastShadows="true" Collides="true" File="static_objects/station/walls/datasite_flat02.dae" IsOccluder="true" />
        <Entry CastShadows="true" Collides="true" File="static_objects/station/walls/datasite_flat03.dae" IsOccluder="true" />
        <Entry CastShadows="true" Collides="true" File="static_objects/station/walls/datasite_flat03_short.dae" IsOccluder="true" />
        <Entry CastShadows="true" Collides="true" File="static_objects/station/walls/datasite_flat04.dae" IsOccluder="true" />
        <Entry CastShadows="true" Collides="true" File="static_objects/station/walls/datasite_flat04_doorway.dae" IsOccluder="true" />
        <Entry CastShadows="true" Collides="true" File="static_objects/station/walls/datasite_flat04_doorway_wide.dae" IsOccluder="true" />
        <Entry CastShadows="true" Collides="true" File="static_objects/station/walls/datasite_flat04_extended.dae" IsOccluder="true" />
        <Entry CastShadows="true" Collides="true" File="static_objects/station/walls/datasite_flat04_short.dae" IsOccluder="true" />
        <Entry CastShadows="true" Collides="true" File="static_objects/station/walls/datasite_flat_doorframe.dae" IsOccluder="true" />
        <Entry CastShadows="true" Collides="true" File="static_objects/station/walls/datasite_flat_doorway_airlock.dae" IsOccluder="true" />
        <Entry CastShadows="true" Collides="true" File="static_objects/station/walls/datasite_flat_doorway_airlock_brown.dae" IsOccluder="true" />
        <Entry CastShadows="true" Collides="true" File="static_objects/station/walls/datasite_flat_doorway_airlock_brown_overgrown.dae" IsOccluder="true" />
        <Entry CastShadows="true" Collides="true" File="static_objects/station/walls/datasite_flat_doorway_brown.dae" IsOccluder="true" />
        <Entry CastShadows="true" Collides="true" File="static_objects/station/walls/datasite_flat_dooway.dae" IsOccluder="true" />
        <Entry CastShadows="true" Collides="true" File="static_objects/station/walls/datasite_flat_dooway_wide.dae" IsOccluder="true" />
        <Entry CastShadows="true" Collides="true" File="static_objects/station/walls/datasite_omicron_airlock_special.dae" IsOccluder="true" />
        <Entry CastShadows="true" Collides="true" File="static_objects/station/walls/flat.dae" IsOccluder="true" />
        <Entry CastShadows="true" Collides="true" File="static_objects/station/walls/flat_cross_girder.dae" IsOccluder="true" />
        <Entry CastShadows="true" Collides="true" File="static_objects/station/walls/flat_doorway.dae" IsOccluder="true" />
        <Entry CastShadows="true" Collides="true" File="static_objects/station/walls/flat_doorway_elevated.dae" IsOccluder="true" />
        <Entry CastShadows="true" Collides="true" File="static_objects/station/walls/flat_extender.dae" IsOccluder="true" />
        <Entry CastShadows="true" Collides="true" File="static_objects/station/walls/flat_extender_1x4.dae" IsOccluder="true" />
        <Entry CastShadows="true" Collides="true" File="static_objects/station/walls/flat_short.dae" IsOccluder="true" />
        <Entry CastShadows="true" Collides="true" File="static_objects/station/walls/flat_short_extender.dae" IsOccluder="true" />
        <Entry CastShadows="true" Collides="true" File="static_objects/station/walls/girder_rusty_damaged_long.dae" IsOccluder="true" />
        <Entry CastShadows="true" Collides="true" File="static_objects/station/walls/girder_rusty_straight.dae" IsOccluder="true" />
        <Entry CastShadows="true" Collides="true" File="static_objects/station/walls/girder_rusty_straight_short.dae" IsOccluder="false" />
        <Entry CastShadows="true" Collides="true" File="static_objects/station/walls/girder_rusty_straight_tiny.dae" IsOccluder="true" />
        <Entry CastShadows="true" Collides="true" File="static_objects/station/walls/girder_rusty_turn_short.dae" IsOccluder="true" />
        <Entry CastShadows="true" Collides="true" File="static_objects/station/walls/lab_airlock.dae" IsOccluder="true" />
        <Entry CastShadows="true" Collides="true" File="static_objects/station/walls/lab_ark_room_vent.dae" IsOccluder="true" />
        <Entry CastShadows="true" Collides="true" File="static_objects/station/walls/lab_broken_wall_large.dae" IsOccluder="true" />
        <Entry CastShadows="true" Collides="true" File="static_objects/station/walls/lab_ceiling_welder.dae" IsOccluder="true" />
        <Entry CastShadows="true" Collides="true" File="static_objects/station/walls/lab_concave_short.dae" IsOccluder="true" />
        <Entry CastShadows="true" Collides="true" File="static_objects/station/walls/lab_concave_skinny.dae" IsOccluder="true" />
        <Entry CastShadows="true" Collides="true" File="static_objects/station/walls/lab_convex_short.dae" IsOccluder="true" />
        <Entry CastShadows="true" Collides="true" File="static_objects/station/walls/lab_convex_skinny.dae" IsOccluder="true" />
        <Entry CastShadows="true" Collides="true" File="static_objects/station/walls/lab_doorway.dae" IsOccluder="true" />
        <Entry CastShadows="true" Collides="true" File="static_objects/station/walls/lab_doorway_elevated.dae" IsOccluder="true" />
        <Entry CastShadows="true" Collides="true" File="static_objects/station/walls/lab_doorway_large.dae" IsOccluder="true" />
        <Entry CastShadows="true" Collides="true" File="static_objects/station/walls/lab_doorway_rusty.dae" IsOccluder="true" />
        <Entry CastShadows="true" Collides="true" File="static_objects/station/walls/lab_end_cap.dae" IsOccluder="true" />
        <Entry CastShadows="true" Collides="true" File="static_objects/station/walls/lab_flat.dae" IsOccluder="true" />
        <Entry CastShadows="true" Collides="true" File="static_objects/station/walls/lab_flat_biomech_incubator.dae" IsOccluder="true" />
        <Entry CastShadows="true" Collides="true" File="static_objects/station/walls/lab_flat_colorpanel.dae" IsOccluder="true" />
        <Entry CastShadows="true" Collides="true" File="static_objects/station/walls/lab_flat_doorway_elevated.dae" IsOccluder="true" />
        <Entry CastShadows="true" Collides="true" File="static_objects/station/walls/lab_flat_extender.dae" IsOccluder="true" />
        <Entry CastShadows="true" Collides="true" File="static_objects/station/walls/lab_flat_extender_large.dae" IsOccluder="true" />
        <Entry CastShadows="true" Collides="true" File="static_objects/station/walls/lab_flat_glass.dae" IsOccluder="true" />
        <Entry CastShadows="true" Collides="true" File="static_objects/station/walls/lab_flat_glass_doorway.dae" IsOccluder="true" />
        <Entry CastShadows="true" Collides="true" File="static_objects/station/walls/lab_flat_glass_doorway_double.dae" IsOccluder="true" />
        <Entry CastShadows="true" Collides="true" File="static_objects/station/walls/lab_flat_glass_doorway_double_striped.dae" IsOccluder="true" />
        <Entry CastShadows="true" Collides="true" File="static_objects/station/walls/lab_flat_glass_short.dae" IsOccluder="true" />
        <Entry CastShadows="true" Collides="true" File="static_objects/station/walls/lab_flat_glass_short_striped.dae" IsOccluder="true" />
        <Entry CastShadows="true" Collides="true" File="static_objects/station/walls/lab_flat_glass_striped.dae" IsOccluder="true" />
        <Entry CastShadows="true" Collides="true" File="static_objects/station/walls/lab_flat_glass_welder.dae" IsOccluder="true" />
        <Entry CastShadows="true" Collides="true" File="static_objects/station/walls/lab_flat_glass_welder_3way.dae" IsOccluder="true" />
        <Entry CastShadows="true" Collides="true" File="static_objects/station/walls/lab_flat_glass_welder_4way.dae" IsOccluder="true" />
        <Entry CastShadows="true" Collides="true" File="static_objects/station/walls/lab_flat_glass_welder_rusty.dae" IsOccluder="true" />
        <Entry CastShadows="true" Collides="true" File="static_objects/station/walls/lab_flat_rusty.dae" IsOccluder="true" />
        <Entry CastShadows="true" Collides="true" File="static_objects/station/walls/lab_flat_short.dae" IsOccluder="true" />
        <Entry CastShadows="true" Collides="true" File="static_objects/station/walls/lab_flat_short_fan_inset.dae" IsOccluder="true" />
        <Entry CastShadows="true" Collides="true" File="static_objects/station/walls/lab_flat_short_fan_inset_rusty.dae" IsOccluder="true" />
        <Entry CastShadows="true" Collides="true" File="static_objects/station/walls/lab_flat_short_plates.dae" IsOccluder="true" />
        <Entry CastShadows="true" Collides="true" File="static_objects/station/walls/lab_flat_short_rusty.dae" IsOccluder="true" />
        <Entry CastShadows="true" Collides="true" File="static_objects/station/walls/lab_flat_short_vent.dae" IsOccluder="true" />
        <Entry CastShadows="true" Collides="true" File="static_objects/station/walls/lab_flat_short_vent_lower_wall.dae" IsOccluder="true" />
        <Entry CastShadows="true" Collides="true" File="static_objects/station/walls/lab_flat_short_vent_small.dae" IsOccluder="true" />
        <Entry CastShadows="true" Collides="true" File="static_objects/station/walls/lab_flat_skinny.dae" IsOccluder="true" />
        <Entry CastShadows="true" Collides="true" File="static_objects/station/walls/lab_flat_top_short.dae" IsOccluder="true" />
        <Entry CastShadows="true" Collides="true" File="static_objects/station/walls/lab_flat_vent_floor.dae" IsOccluder="true" />
        <Entry CastShadows="true" Collides="true" File="static_objects/station/walls/lab_lift_shaft_decal_special.dae" IsOccluder="true" />
        <Entry CastShadows="true" Collides="true" File="static_objects/station/walls/lab_lift_shaft_decal_special_02.dae" IsOccluder="true" />
        <Entry CastShadows="true" Collides="true" File="static_objects/station/walls/lab_panel_short.dae" IsOccluder="true" />
        <Entry CastShadows="true" Collides="true" File="static_objects/station/walls/lab_panel_short_rusty.dae" IsOccluder="true" />
        <Entry CastShadows="true" Collides="true" File="static_objects/station/walls/lab_storage_room_hole_special.dae" IsOccluder="true" />
        <Entry CastShadows="true" Collides="true" File="static_objects/station/walls/lab_vents_long_special.dae" IsOccluder="true" />
        <Entry CastShadows="true" Collides="true" File="static_objects/station/walls/lab_window_large.dae" IsOccluder="true" />
        <Entry CastShadows="true" Collides="true" File="static_objects/station/walls/lab_window_large_less_reflection.dae" IsOccluder="true" />
        <Entry CastShadows="true" Collides="true" File="static_objects/station/walls/lab_window_large_noglass.dae" IsOccluder="true" />
        <Entry CastShadows="true" Collides="true" File="static_objects/station/walls/lab_window_large_rusty.dae" IsOccluder="true" />
        <Entry CastShadows="true" Collides="true" File="static_objects/station/walls/lab_window_large_rusty_noglass.dae" IsOccluder="true" />
        <Entry CastShadows="true" Collides="true" File="static_objects/station/walls/lab_window_large_shutter_closed.dae" IsOccluder="true" />
        <Entry CastShadows="true" Collides="true" File="static_objects/station/walls/lab_window_large_shutter_damaged.dae" IsOccluder="true" />
        <Entry CastShadows="true" Collides="true" File="static_objects/station/walls/lab_window_large_shutter_open.dae" IsOccluder="true" />
        <Entry CastShadows="true" Collides="true" File="static_objects/station/walls/lab_window_security_special.dae" IsOccluder="true" />
        <Entry CastShadows="true" Collides="true" File="static_objects/station/walls/lab_window_small.dae" IsOccluder="true" />
        <Entry CastShadows="true" Collides="true" File="static_objects/station/walls/lab_window_small_elevated.dae" IsOccluder="true" />
        <Entry CastShadows="true" Collides="true" File="static_objects/station/walls/lab_window_small_rusty.dae" IsOccluder="true" />
        <Entry CastShadows="true" Collides="true" File="static_objects/station/walls/lab_windowpillar.dae" IsOccluder="true" />
        <Entry CastShadows="true" Collides="true" File="static_objects/station/walls/lambda_window_large.dae" IsOccluder="true" />
        <Entry CastShadows="true" Collides="true" File="static_objects/station/walls/lambda_window_large_crack_01.dae" IsOccluder="true" />
        <Entry CastShadows="true" Collides="true" File="static_objects/station/walls/lambda_window_large_crack_02.dae" IsOccluder="true" />
        <Entry CastShadows="true" Collides="true" File="static_objects/station/walls/lambda_window_large_crack_03.dae" IsOccluder="true" />
        <Entry CastShadows="true" Collides="true" File="static_objects/station/walls/living_area_flat01.dae" IsOccluder="true" />
        <Entry CastShadows="true" Collides="true" File="static_objects/station/walls/living_area_flat01_corner_concave.dae" IsOccluder="true" />
        <Entry CastShadows="true" Collides="true" File="static_objects/station/walls/living_area_flat01_short.dae" IsOccluder="true" />
        <Entry CastShadows="true" Collides="true" File="static_objects/station/walls/living_area_flat01_storage.dae" IsOccluder="true" />
        <Entry CastShadows="true" Collides="true" File="static_objects/station/walls/living_area_flat01_storage_corner_concave.dae" IsOccluder="true" />
        <Entry CastShadows="true" Collides="true" File="static_objects/station/walls/living_area_flat01_storage_short.dae" IsOccluder="true" />
        <Entry CastShadows="true" Collides="true" File="static_objects/station/walls/living_area_flat02.dae" IsOccluder="true" />
        <Entry CastShadows="true" Collides="true" File="static_objects/station/walls/living_area_flat02_corner_concave.dae" IsOccluder="true" />
        <Entry CastShadows="true" Collides="true" File="static_objects/station/walls/living_area_flat02_short.dae" IsOccluder="true" />
        <Entry CastShadows="true" Collides="true" File="static_objects/station/walls/living_area_flat02_vent.dae" IsOccluder="true" />
        <Entry CastShadows="true" Collides="true" File="static_objects/station/walls/living_area_flat02_vent_corner_concave.dae" IsOccluder="true" />
        <Entry CastShadows="true" Collides="true" File="static_objects/station/walls/living_area_flat02_vent_short.dae" IsOccluder="true" />
        <Entry CastShadows="true" Collides="true" File="static_objects/station/walls/living_area_roofedge_corner.dae" IsOccluder="true" />
        <Entry CastShadows="true" Collides="true" File="static_objects/station/walls/living_area_roofedge_corner_convex.dae" IsOccluder="true" />
        <Entry CastShadows="true" Collides="true" File="static_objects/station/walls/living_area_roofedge_straight.dae" IsOccluder="true" />
        <Entry CastShadows="true" Collides="true" File="static_objects/station/walls/living_area_roofedge_straight_short.dae" IsOccluder="true" />
        <Entry CastShadows="true" Collides="true" File="static_objects/station/walls/living_area_ventilation_fan_addon.dae" IsOccluder="true" />
        <Entry CastShadows="true" Collides="true" File="static_objects/station/walls/living_area_ventilation_shutter_addon.dae" IsOccluder="true" />
        <Entry CastShadows="true" Collides="true" File="static_objects/station/walls/living_area_window_security_shutter_frame.dae" IsOccluder="true" />
        <Entry CastShadows="true" Collides="true" File="static_objects/station/walls/living_area_window_slit.dae" IsOccluder="true" />
        <Entry CastShadows="true" Collides="true" File="static_objects/station/walls/pplant_bulkhead.dae" IsOccluder="true" />
        <Entry CastShadows="true" Collides="true" File="static_objects/station/walls/pplant_bulkhead_concave.dae" IsOccluder="true" />
        <Entry CastShadows="true" Collides="true" File="static_objects/station/walls/pplant_bulkhead_concave_short.dae" IsOccluder="true" />
        <Entry CastShadows="true" Collides="true" File="static_objects/station/walls/pplant_bulkhead_concave_short_extender.dae" IsOccluder="true" />
        <Entry CastShadows="true" Collides="true" File="static_objects/station/walls/pplant_bulkhead_convex_short.dae" IsOccluder="true" />
        <Entry CastShadows="true" Collides="true" File="static_objects/station/walls/pplant_bulkhead_convex_short_extender.dae" IsOccluder="true" />
        <Entry CastShadows="true" Collides="true" File="static_objects/station/walls/pplant_bulkhead_damaged01.dae" IsOccluder="true" />
        <Entry CastShadows="true" Collides="true" File="static_objects/station/walls/pplant_bulkhead_doorway_large.dae" IsOccluder="true" />
        <Entry CastShadows="true" Collides="true" File="static_objects/station/walls/pplant_bulkhead_doorway_large2.dae" IsOccluder="true" />
        <Entry CastShadows="true" Collides="true" File="static_objects/station/walls/pplant_bulkhead_extender.dae" IsOccluder="true" />
        <Entry CastShadows="true" Collides="true" File="static_objects/station/walls/pplant_bulkhead_hatch_bottom.dae" IsOccluder="true" />
        <Entry CastShadows="true" Collides="true" File="static_objects/station/walls/pplant_bulkhead_nopanel.dae" IsOccluder="true" />
        <Entry CastShadows="true" Collides="true" File="static_objects/station/walls/pplant_bulkhead_short.dae" IsOccluder="true" />
        <Entry CastShadows="true" Collides="true" File="static_objects/station/walls/pplant_bulkhead_short_damage01.dae" IsOccluder="true" />
        <Entry CastShadows="true" Collides="true" File="static_objects/station/walls/pplant_bulkhead_short_damage02.dae" IsOccluder="true" />
        <Entry CastShadows="true" Collides="true" File="static_objects/station/walls/pplant_bulkhead_short_damage03.dae" IsOccluder="true" />
        <Entry CastShadows="true" Collides="true" File="static_objects/station/walls/pplant_bulkhead_short_extender.dae" IsOccluder="true" />
        <Entry CastShadows="true" Collides="true" File="static_objects/station/walls/pplant_bulkhead_short_maintenance_hatch.dae" IsOccluder="true" />
        <Entry CastShadows="true" Collides="true" File="static_objects/station/walls/pplant_bulkhead_tunnel_exit.dae" IsOccluder="true" />
        <Entry CastShadows="true" Collides="true" File="static_objects/station/walls/pplant_bulkhead_window.dae" IsOccluder="true" />
        <Entry CastShadows="true" Collides="true" File="static_objects/station/walls/pplant_bulkhead_window_large.dae" IsOccluder="true" />
        <Entry CastShadows="true" Collides="true" File="static_objects/station/walls/pplant_bulkhead_window_large_less_reflection.dae" IsOccluder="true" />
        <Entry CastShadows="true" Collides="true" File="static_objects/station/walls/pplant_bulkhead_windowframe.dae" IsOccluder="true" />
        <Entry CastShadows="true" Collides="true" File="static_objects/station/walls/pplant_concave.dae" IsOccluder="true" />
        <Entry CastShadows="true" Collides="true" File="static_objects/station/walls/pplant_concave_short.dae" IsOccluder="true" />
        <Entry CastShadows="true" Collides="true" File="static_objects/station/walls/pplant_convex.dae" IsOccluder="true" />
        <Entry CastShadows="true" Collides="true" File="static_objects/station/walls/pplant_convex_short.dae" IsOccluder="true" />
        <Entry CastShadows="true" Collides="true" File="static_objects/station/walls/pplant_convex_short_extender.dae" IsOccluder="true" />
        <Entry CastShadows="true" Collides="true" File="static_objects/station/walls/pplant_dome_90.dae" IsOccluder="true" />
        <Entry CastShadows="true" Collides="true" File="static_objects/station/walls/pplant_dome_90_lowered_black.dae" IsOccluder="true" />
        <Entry CastShadows="true" Collides="true" File="static_objects/station/walls/pplant_doorway.dae" IsOccluder="true" />
        <Entry CastShadows="true" Collides="true" File="static_objects/station/walls/pplant_doorway_large.dae" IsOccluder="true" />
        <Entry CastShadows="true" Collides="true" File="static_objects/station/walls/pplant_doorway_large_short.dae" IsOccluder="true" />
        <Entry CastShadows="true" Collides="true" File="static_objects/station/walls/pplant_doorway_short.dae" IsOccluder="true" />
        <Entry CastShadows="true" Collides="true" File="static_objects/station/walls/pplant_flat01.dae" IsOccluder="true" />
        <Entry CastShadows="true" Collides="true" File="static_objects/station/walls/pplant_flat01_short.dae" IsOccluder="true" />
        <Entry CastShadows="true" Collides="true" File="static_objects/station/walls/pplant_ground.dae" IsOccluder="true" />
        <Entry CastShadows="true" Collides="true" File="static_objects/station/walls/pplant_ground_angled_short.dae" IsOccluder="true" />
        <Entry CastShadows="true" Collides="true" File="static_objects/station/walls/pplant_ground_blank.dae" IsOccluder="true" />
        <Entry CastShadows="true" Collides="true" File="static_objects/station/walls/pplant_ground_blank_damaged01.dae" IsOccluder="true" />
        <Entry CastShadows="true" Collides="true" File="static_objects/station/walls/pplant_ground_blank_doorway_notop.dae" IsOccluder="true" />
        <Entry CastShadows="true" Collides="true" File="static_objects/station/walls/pplant_ground_blank_maintenance_hatch.dae" IsOccluder="true" />
        <Entry CastShadows="true" Collides="true" File="static_objects/station/walls/pplant_ground_blank_notop.dae" IsOccluder="true" />
        <Entry CastShadows="true" Collides="true" File="static_objects/station/walls/pplant_ground_blank_plate.dae" IsOccluder="true" />
        <Entry CastShadows="true" Collides="true" File="static_objects/station/walls/pplant_ground_concave.dae" IsOccluder="true" />
        <Entry CastShadows="true" Collides="true" File="static_objects/station/walls/pplant_ground_concave_blank.dae" IsOccluder="true" />
        <Entry CastShadows="true" Collides="true" File="static_objects/station/walls/pplant_ground_concave_blank_notop.dae" IsOccluder="true" />
        <Entry CastShadows="true" Collides="true" File="static_objects/station/walls/pplant_ground_concave_short.dae" IsOccluder="true" />
        <Entry CastShadows="true" Collides="true" File="static_objects/station/walls/pplant_ground_concave_short_tunnel_exit.dae" IsOccluder="true" />
        <Entry CastShadows="true" Collides="true" File="static_objects/station/walls/pplant_ground_convex.dae" IsOccluder="true" />
        <Entry CastShadows="true" Collides="true" File="static_objects/station/walls/pplant_ground_convex_blank.dae" IsOccluder="true" />
        <Entry CastShadows="true" Collides="true" File="static_objects/station/walls/pplant_ground_convex_blank_notop.dae" IsOccluder="true" />
        <Entry CastShadows="true" Collides="true" File="static_objects/station/walls/pplant_ground_convex_short.dae" IsOccluder="true" />
        <Entry CastShadows="true" Collides="true" File="static_objects/station/walls/pplant_ground_convex_short_panel_special.dae" IsOccluder="true" />
        <Entry CastShadows="true" Collides="true" File="static_objects/station/walls/pplant_ground_divider.dae" IsOccluder="true" />
        <Entry CastShadows="true" Collides="true" File="static_objects/station/walls/pplant_ground_divider_small.dae" IsOccluder="true" />
        <Entry CastShadows="true" Collides="true" File="static_objects/station/walls/pplant_ground_doorway_blastdoor.dae" IsOccluder="true" />
        <Entry CastShadows="true" Collides="true" File="static_objects/station/walls/pplant_ground_doorway_large.dae" IsOccluder="true" />
        <Entry CastShadows="true" Collides="true" File="static_objects/station/walls/pplant_ground_hatch.dae" IsOccluder="true" />
        <Entry CastShadows="true" Collides="true" File="static_objects/station/walls/pplant_ground_hatch2.dae" IsOccluder="true" />
        <Entry CastShadows="true" Collides="true" File="static_objects/station/walls/pplant_ground_nopanel.dae" IsOccluder="true" />
        <Entry CastShadows="true" Collides="true" File="static_objects/station/walls/pplant_ground_nopanel_interior.dae" IsOccluder="true" />
        <Entry CastShadows="true" Collides="true" File="static_objects/station/walls/pplant_ground_perforated.dae" IsOccluder="true" />
        <Entry CastShadows="true" Collides="true" File="static_objects/station/walls/pplant_ground_pipes.dae" IsOccluder="true" />
        <Entry CastShadows="true" Collides="true" File="static_objects/station/walls/pplant_ground_short.dae" IsOccluder="true" />
        <Entry CastShadows="true" Collides="true" File="static_objects/station/walls/pplant_ground_short_hatch.dae" IsOccluder="true" />
        <Entry CastShadows="true" Collides="true" File="static_objects/station/walls/pplant_ground_short_hatch2.dae" IsOccluder="true" />
        <Entry CastShadows="true" Collides="true" File="static_objects/station/walls/pplant_ground_short_perforated.dae" IsOccluder="true" />
        <Entry CastShadows="true" Collides="true" File="static_objects/station/walls/pplant_ground_short_pipes.dae" IsOccluder="true" />
        <Entry CastShadows="true" Collides="true" File="static_objects/station/walls/pplant_ground_short_tunnel_exit.dae" IsOccluder="true" />
        <Entry CastShadows="true" Collides="true" File="static_objects/station/walls/pplant_ground_short_tunnel_exit_low.dae" IsOccluder="true" />
        <Entry CastShadows="true" Collides="true" File="static_objects/station/walls/pplant_ground_short_vent_hole.dae" IsOccluder="true" />
        <Entry CastShadows="true" Collides="true" File="static_objects/station/walls/pplant_ground_support.dae" IsOccluder="true" />
        <Entry CastShadows="true" Collides="true" File="static_objects/station/walls/pplant_ground_top01.dae" IsOccluder="true" />
        <Entry CastShadows="true" Collides="true" File="static_objects/station/walls/pplant_ground_top01_corner.dae" IsOccluder="true" />
        <Entry CastShadows="true" Collides="true" File="static_objects/station/walls/pplant_ground_window.dae" IsOccluder="true" />
        <Entry CastShadows="true" Collides="true" File="static_objects/station/walls/pplant_ground_window_large.dae" IsOccluder="true" />
        <Entry CastShadows="true" Collides="true" File="static_objects/station/walls/pplant_upper.dae" IsOccluder="true" />
        <Entry CastShadows="true" Collides="true" File="static_objects/station/walls/pplant_upper_concave.dae" IsOccluder="true" />
        <Entry CastShadows="true" Collides="true" File="static_objects/station/walls/pplant_upper_concave_short.dae" IsOccluder="true" />
        <Entry CastShadows="true" Collides="true" File="static_objects/station/walls/pplant_upper_short.dae" IsOccluder="true" />
        <Entry CastShadows="true" Collides="true" File="static_objects/station/walls/pplant_window.dae" IsOccluder="true" />
        <Entry CastShadows="true" Collides="true" File="static_objects/station/walls/pplant_window_large.dae" IsOccluder="true" />
        <Entry CastShadows="true" Collides="true" File="static_objects/station/walls/pplant_windowframe.dae" IsOccluder="true" />
        <Entry CastShadows="true" Collides="true" File="static_objects/station/walls/pplant_windowframe_broken.dae" IsOccluder="true" />
        <Entry CastShadows="true" Collides="true" File="static_objects/station/walls/pplant_windowframe_large.dae" IsOccluder="true" />
        <Entry CastShadows="true" Collides="true" File="static_objects/station/walls/pplant_windowframe_large_broken.dae" IsOccluder="true" />
        <Entry CastShadows="true" Collides="true" File="static_objects/station/walls/pplant_windowframe_large_dull.dae" IsOccluder="true" />
        <Entry CastShadows="true" Collides="true" File="static_objects/station/walls/pplant_windowframe_noglass.dae" IsOccluder="true" />
        <Entry CastShadows="true" Collides="true" File="static_objects/station/walls/slidedoor_doorway.dae" IsOccluder="true" />
        <Entry CastShadows="true" Collides="true" File="static_objects/station/walls/tau_airlock_flap.dae" IsOccluder="true" />
        <Entry CastShadows="true" Collides="true" File="static_objects/station/walls/theta_boxed_pipes.dae" IsOccluder="true" />
        <Entry CastShadows="true" Collides="true" File="static_objects/station/walls/theta_doorway_wide.dae" IsOccluder="true" />
        <Entry CastShadows="true" Collides="true" File="static_objects/station/walls/theta_girder_corridor_large.dae" IsOccluder="true" />
        <Entry CastShadows="true" Collides="true" File="static_objects/station/walls/theta_girder_corridor_small.dae" IsOccluder="true" />
        <Entry CastShadows="true" Collides="true" File="static_objects/station/walls/theta_girders.dae" IsOccluder="true" />
        <Entry CastShadows="true" Collides="true" File="static_objects/station/walls/theta_ground.dae" IsOccluder="true" />
        <Entry CastShadows="true" Collides="true" File="static_objects/station/walls/theta_ground_bend.dae" IsOccluder="true" />
        <Entry CastShadows="true" Collides="true" File="static_objects/station/walls/theta_ground_bend_outward.dae" IsOccluder="true" />
        <Entry CastShadows="true" Collides="true" File="static_objects/station/walls/theta_ground_bottom.dae" IsOccluder="true" />
        <Entry CastShadows="true" Collides="true" File="static_objects/station/walls/theta_ground_bottom_bend.dae" IsOccluder="true" />
        <Entry CastShadows="true" Collides="true" File="static_objects/station/walls/theta_ground_corner_inside.dae" IsOccluder="true" />
        <Entry CastShadows="true" Collides="true" File="static_objects/station/walls/theta_ground_corner_outside.dae" IsOccluder="true" />
        <Entry CastShadows="true" Collides="true" File="static_objects/station/walls/theta_ground_details01.dae" IsOccluder="true" />
        <Entry CastShadows="true" Collides="true" File="static_objects/station/walls/theta_ground_details01_open.dae" IsOccluder="true" />
        <Entry CastShadows="true" Collides="true" File="static_objects/station/walls/theta_ground_doorframe.dae" IsOccluder="true" />
        <Entry CastShadows="true" Collides="true" File="static_objects/station/walls/theta_ground_doorway.dae" IsOccluder="true" />
        <Entry CastShadows="true" Collides="true" File="static_objects/station/walls/theta_ground_doorway_wide.dae" IsOccluder="true" />
        <Entry CastShadows="true" Collides="true" File="static_objects/station/walls/theta_ground_doorway_wide_illum.dae" IsOccluder="true" />
        <Entry CastShadows="true" Collides="true" File="static_objects/station/walls/theta_ground_half_filler.dae" IsOccluder="true" />
        <Entry CastShadows="true" Collides="true" File="static_objects/station/walls/theta_ground_left_short.dae" IsOccluder="true" />
        <Entry CastShadows="true" Collides="true" File="static_objects/station/walls/theta_ground_left_tiny.dae" IsOccluder="true" />
        <Entry CastShadows="true" Collides="true" File="static_objects/station/walls/theta_ground_medium_left.dae" IsOccluder="true" />
        <Entry CastShadows="true" Collides="true" File="static_objects/station/walls/theta_ground_medium_right.dae" IsOccluder="true" />
        <Entry CastShadows="true" Collides="true" File="static_objects/station/walls/theta_ground_noplate.dae" IsOccluder="true" />
        <Entry CastShadows="true" Collides="true" File="static_objects/station/walls/theta_ground_noplate_broken01.dae" IsOccluder="true" />
        <Entry CastShadows="true" Collides="true" File="static_objects/station/walls/theta_ground_noplate_broken02.dae" IsOccluder="true" />
        <Entry CastShadows="true" Collides="true" File="static_objects/station/walls/theta_ground_plate_broken01.dae" IsOccluder="true" />
        <Entry CastShadows="true" Collides="true" File="static_objects/station/walls/theta_ground_plate_broken02.dae" IsOccluder="true" />
        <Entry CastShadows="true" Collides="true" File="static_objects/station/walls/theta_ground_right_short.dae" IsOccluder="true" />
        <Entry CastShadows="true" Collides="true" File="static_objects/station/walls/theta_ground_right_tiny.dae" IsOccluder="true" />
        <Entry CastShadows="true" Collides="true" File="static_objects/station/walls/theta_ground_short.dae" IsOccluder="true" />
        <Entry CastShadows="true" Collides="true" File="static_objects/station/walls/theta_ground_tiny.dae" IsOccluder="true" />
        <Entry CastShadows="true" Collides="true" File="static_objects/station/walls/theta_ground_top.dae" IsOccluder="true" />
        <Entry CastShadows="true" Collides="true" File="static_objects/station/walls/theta_ground_window_frame_broken_large.dae" IsOccluder="true" />
        <Entry CastShadows="true" Collides="true" File="static_objects/station/walls/theta_ground_window_frame_large.dae" IsOccluder="true" />
        <Entry CastShadows="true" Collides="true" File="static_objects/station/walls/theta_ground_window_frame_large_glass_shards.dae" IsOccluder="true" />
        <Entry CastShadows="true" Collides="true" File="static_objects/station/walls/theta_ground_window_frame_large_nowindow.dae" IsOccluder="true" />
        <Entry CastShadows="true" Collides="true" File="static_objects/station/walls/theta_ground_window_frame_small.dae" IsOccluder="true" />
        <Entry CastShadows="true" Collides="true" File="static_objects/station/walls/theta_ground_window_large.dae" IsOccluder="true" />
        <Entry CastShadows="true" Collides="true" File="static_objects/station/walls/theta_ground_window_small.dae" IsOccluder="true" />
        <Entry CastShadows="true" Collides="true" File="static_objects/station/walls/theta_swingdoor_frame.dae" IsOccluder="true" />
        <Entry CastShadows="true" Collides="true" File="static_objects/station/walls/theta_tunnels_doorframe_rusty.dae" IsOccluder="true" />
        <Entry CastShadows="true" Collides="true" File="static_objects/station/walls/traintunnel.dae" IsOccluder="true" />
        <Entry CastShadows="true" Collides="true" File="static_objects/station/walls/traintunnel_damage_passage01.dae" IsOccluder="true" />
        <Entry CastShadows="true" Collides="true" File="static_objects/station/walls/traintunnel_door_frame.dae" IsOccluder="true" />
        <Entry CastShadows="true" Collides="true" File="static_objects/station/walls/traintunnel_escape_hole.dae" IsOccluder="true" />
        <Entry CastShadows="true" Collides="true" File="static_objects/station/walls/traintunnel_s_curve_drop.dae" IsOccluder="true" />
        <Entry CastShadows="true" Collides="true" File="static_objects/station/walls/traintunnel_short.dae" IsOccluder="true" />
        <Entry CastShadows="true" Collides="true" File="static_objects/station/walls/traintunnel_short_damaged01.dae" IsOccluder="true" />
        <Entry CastShadows="true" Collides="true" File="static_objects/station/walls/traintunnel_short_damaged02.dae" IsOccluder="true" />
        <Entry CastShadows="true" Collides="true" File="static_objects/station/walls/traintunnel_short_damaged03.dae" IsOccluder="true" />
        <Entry CastShadows="true" Collides="true" File="static_objects/station/walls/traintunnel_short_damaged04.dae" IsOccluder="true" />
        <Entry CastShadows="true" Collides="true" File="static_objects/station/walls/traintunnel_short_door_side.dae" IsOccluder="true" />
        <Entry CastShadows="true" Collides="true" File="static_objects/station/walls/traintunnel_welder.dae" IsOccluder="true" />
        <Entry CastShadows="true" Collides="true" File="static_objects/station/walls/vent_shaft_exterior_straight.dae" IsOccluder="true" />
        <Entry CastShadows="true" Collides="true" File="static_objects/station/walls/vent_shaft_exterior_straight_vent_side.dae" IsOccluder="true" />
        <Entry CastShadows="true" Collides="true" File="static_objects/station/walls/vent_shaft_exterior_turn_45.dae" IsOccluder="true" />
        <Entry CastShadows="true" Collides="true" File="static_objects/station/walls/vent_shaft_straight.dae" IsOccluder="true" />
        <Entry CastShadows="true" Collides="true" File="static_objects/station/walls/vent_shaft_straight_buckled_oneside.dae" IsOccluder="true" />
        <Entry CastShadows="true" Collides="true" File="static_objects/station/walls/vent_shaft_straight_rusty.dae" IsOccluder="true" />
        <Entry CastShadows="true" Collides="true" File="static_objects/station/walls/vent_shaft_straight_vent_side.dae" IsOccluder="true" />
        <Entry CastShadows="true" Collides="true" File="static_objects/station/walls/vent_shaft_straight_vent_side_rusty.dae" IsOccluder="true" />
        <Entry CastShadows="true" Collides="true" File="static_objects/station/walls/vent_shaft_straight_vent_top.dae" IsOccluder="true" />
        <Entry CastShadows="true" Collides="true" File="static_objects/station/walls/vent_shaft_straight_vent_top_rusty.dae" IsOccluder="true" />
        <Entry CastShadows="true" Collides="true" File="static_objects/station/walls/vent_shaft_straight_vertical.dae" IsOccluder="true" />
        <Entry CastShadows="true" Collides="true" File="static_objects/station/walls/vent_shaft_turn_90.dae" IsOccluder="true" />
        <Entry CastShadows="true" Collides="true" File="static_objects/station/walls/vent_shaft_turn_90_rusty.dae" IsOccluder="true" />
        <Entry CastShadows="true" Collides="true" File="static_objects/station/walls/wall_to_roof_welder.dae" IsOccluder="true" />
        <Entry CastShadows="true" Collides="true" File="static_objects/station/walls/welder_girder.dae" IsOccluder="true" />
        <Entry CastShadows="true" Collides="true" File="static_objects/subway/special/00_02_graffiti/graffiti.dae" IsOccluder="true" />
        <Entry CastShadows="true" Collides="true" File="static_objects/subway/special/00_02_outside/00_02_outside.dae" IsOccluder="true" />
        <Entry CastShadows="true" Collides="true" File="static_objects/subway/special/00_02_outside/00_02_outside_station_01.dae" IsOccluder="true" />
        <Entry CastShadows="true" Collides="true" File="static_objects/subway/special/00_02_outside/00_02_outside_station_02.dae" IsOccluder="true" />
        <Entry CastShadows="true" Collides="true" File="static_objects/subway/special/00_02_outside/00_02_outside_station_03.dae" IsOccluder="true" />
        <Entry CastShadows="true" Collides="true" File="static_objects/subway/special/00_02_station_wall/00_02_station_wall.dae" IsOccluder="true" />
        <Entry CastShadows="true" Collides="true" File="static_objects/subway/special/00_02_station_wall/00_02_station_wall_column.dae" IsOccluder="true" />
        <Entry CastShadows="true" Collides="true" File="static_objects/subway/special/subway_carriage - annat mat glas.dae" IsOccluder="true" />
        <Entry CastShadows="true" Collides="true" File="static_objects/subway/special/subway_carriage.dae" IsOccluder="true" />
        <Entry CastShadows="true" Collides="true" File="static_objects/subway/special/subway_carriage_connector.dae" IsOccluder="true" />
        <Entry CastShadows="true" Collides="true" File="static_objects/subway/special/subway_carriage_connector_damaged.dae" IsOccluder="true" />
        <Entry CastShadows="true" Collides="true" File="static_objects/subway/special/subway_carriage_damaged.dae" IsOccluder="true" />
        <Entry CastShadows="true" Collides="true" File="static_objects/subway/special/subway_carriage_poles.dae" IsOccluder="true" />
        <Entry CastShadows="false" Collides="false" File="static_objects/urban/cables/cable_accessory_clip_small.dae" IsOccluder="false" />
        <Entry CastShadows="false" Collides="false" File="static_objects/urban/cables/cable_accessory_connector_medium.dae" IsOccluder="false" />
        <Entry CastShadows="false" Collides="false" File="static_objects/urban/cables/cable_accessory_connector_small.dae" IsOccluder="false" />
        <Entry CastShadows="false" Collides="false" File="static_objects/urban/cables/cable_accessory_connector_tiny.dae" IsOccluder="false" />
        <Entry CastShadows="false" Collides="false" File="static_objects/urban/cables/cable_accessory_lamp_small.dae" IsOccluder="false" />
        <Entry CastShadows="false" Collides="false" File="static_objects/urban/cables/cable_accessory_power_cord_plug.dae" IsOccluder="false" />
        <Entry CastShadows="false" Collides="false" File="static_objects/urban/cables/cable_accessory_power_cord_plug_cable.dae" IsOccluder="false" />
        <Entry CastShadows="false" Collides="false" File="static_objects/urban/cables/cable_accessory_power_strip.dae" IsOccluder="false" />
        <Entry CastShadows="false" Collides="false" File="static_objects/urban/cables/cable_accessory_power_strip_cable.dae" IsOccluder="false" />
        <Entry CastShadows="false" Collides="false" File="static_objects/urban/cables/cable_bend_angled_medium.dae" IsOccluder="false" />
        <Entry CastShadows="false" Collides="false" File="static_objects/urban/cables/cable_bend_angled_tiny.dae" IsOccluder="false" />
        <Entry CastShadows="false" Collides="false" File="static_objects/urban/cables/cable_bend_long.dae" IsOccluder="false" />
        <Entry CastShadows="false" Collides="false" File="static_objects/urban/cables/cable_bend_medium.dae" IsOccluder="false" />
        <Entry CastShadows="false" Collides="false" File="static_objects/urban/cables/cable_bend_small.dae" IsOccluder="false" />
        <Entry CastShadows="false" Collides="false" File="static_objects/urban/cables/cable_bend_tiny.dae" IsOccluder="false" />
        <Entry CastShadows="false" Collides="false" File="static_objects/urban/cables/cable_long.dae" IsOccluder="false" />
        <Entry CastShadows="false" Collides="false" File="static_objects/urban/cables/cable_more_wavy_small.dae" IsOccluder="false" />
        <Entry CastShadows="false" Collides="false" File="static_objects/urban/cables/cable_overlap_tiny.dae" IsOccluder="false" />
        <Entry CastShadows="false" Collides="false" File="static_objects/urban/cables/cable_small.dae" IsOccluder="false" />
        <Entry CastShadows="true" Collides="true" File="static_objects/urban/cables/cable_thick_bend_med.dae" IsOccluder="true" />
        <Entry CastShadows="true" Collides="true" File="static_objects/urban/cables/cable_thick_clip.dae" IsOccluder="true" />
        <Entry CastShadows="true" Collides="true" File="static_objects/urban/cables/cable_thick_long.dae" IsOccluder="true" />
        <Entry CastShadows="true" Collides="true" File="static_objects/urban/cables/cable_thick_med.dae" IsOccluder="true" />
        <Entry CastShadows="false" Collides="false" File="static_objects/urban/cables/cable_tiny.dae" IsOccluder="false" />
        <Entry CastShadows="false" Collides="false" File="static_objects/urban/cables/cable_vertical_special_01.dae" IsOccluder="false" />
        <Entry CastShadows="false" Collides="false" File="static_objects/urban/cables/cable_wavy_long.dae" IsOccluder="false" />
        <Entry CastShadows="false" Collides="false" File="static_objects/urban/cables/cable_wavy_small.dae" IsOccluder="false" />
        <Entry CastShadows="true" Collides="true" File="static_objects/urban/damaged/urban_damaged_curved_ceiling.dae" IsOccluder="true" />
        <Entry CastShadows="true" Collides="true" File="static_objects/urban/damaged/urban_damaged_curved_floor.dae" IsOccluder="true" />
        <Entry CastShadows="true" Collides="true" File="static_objects/urban/damaged/urban_damaged_deco_corner_ceiling.dae" IsOccluder="true" />
        <Entry CastShadows="true" Collides="true" File="static_objects/urban/damaged/urban_damaged_deco_default_ceiling.dae" IsOccluder="true" />
        <Entry CastShadows="true" Collides="true" File="static_objects/urban/damaged/urban_damaged_deco_default_double_ceiling.dae" IsOccluder="true" />
        <Entry CastShadows="true" Collides="true" File="static_objects/urban/damaged/urban_damaged_deco_left_angle_ceiling.dae" IsOccluder="true" />
        <Entry CastShadows="true" Collides="true" File="static_objects/urban/damaged/urban_damaged_deco_left_angle_end_ceiling.dae" IsOccluder="true" />
        <Entry CastShadows="true" Collides="true" File="static_objects/urban/damaged/urban_damaged_deco_pillar_ceiling.dae" IsOccluder="true" />
        <Entry CastShadows="true" Collides="true" File="static_objects/urban/damaged/urban_damaged_deco_right_angle_ceiling.dae" IsOccluder="true" />
        <Entry CastShadows="true" Collides="true" File="static_objects/urban/damaged/urban_damaged_deco_right_angle_end_ceiling.dae" IsOccluder="true" />
        <Entry CastShadows="true" Collides="true" File="static_objects/urban/damaged/urban_damaged_default_angled_ceiling.dae" IsOccluder="true" />
        <Entry CastShadows="true" Collides="true" File="static_objects/urban/damaged/urban_damaged_default_ceiling.dae" IsOccluder="true" />
        <Entry CastShadows="true" Collides="true" File="static_objects/urban/damaged/urban_damaged_default_floor.dae" IsOccluder="true" />
        <Entry CastShadows="true" Collides="true" File="static_objects/urban/damaged/urban_damaged_default_post.dae" IsOccluder="true" />
        <Entry CastShadows="true" Collides="true" File="static_objects/urban/damaged/urban_damaged_default_wall.dae" IsOccluder="true" />
        <Entry CastShadows="true" Collides="true" File="static_objects/urban/damaged/urban_damaged_doorway_wall.dae" IsOccluder="true" />
        <Entry CastShadows="true" Collides="true" File="static_objects/urban/damaged/urban_damaged_hole_floor.dae" IsOccluder="true" />
        <Entry CastShadows="true" Collides="true" File="static_objects/urban/damaged/urban_damaged_large_arched_doorway_wall.dae" IsOccluder="true" />
        <Entry CastShadows="true" Collides="true" File="static_objects/urban/damaged/urban_damaged_large_curve_wall.dae" IsOccluder="true" />
        <Entry CastShadows="true" Collides="true" File="static_objects/urban/damaged/urban_damaged_small_curve_wall.dae" IsOccluder="true" />
        <Entry CastShadows="true" Collides="true" File="static_objects/urban/damaged/urban_damaged_small_left_angled_wall.dae" IsOccluder="true" />
        <Entry CastShadows="true" Collides="true" File="static_objects/urban/damaged/urban_damaged_small_right_angled_wall.dae" IsOccluder="true" />
        <Entry CastShadows="true" Collides="true" File="static_objects/urban/damaged/urban_damaged_small_square_hole_wall.dae" IsOccluder="true" />
        <Entry CastShadows="true" Collides="true" File="static_objects/urban/damaged/urban_damaged_steps_floor.dae" IsOccluder="true" />
        <Entry CastShadows="true" Collides="true" File="static_objects/urban/damaged/urban_damaged_window_wall.dae" IsOccluder="true" />
        <Entry CastShadows="true" Collides="true" File="static_objects/urban/damaged/urban_damaged_wood_floor.dae" IsOccluder="true" />
        <Entry CastShadows="true" Collides="true" File="static_objects/urban/damaged/urban_damaged_wood_steps_floor.dae" IsOccluder="true" />
        <Entry CastShadows="true" Collides="true" File="static_objects/urban/damaged/urban_damagedl_left_angled_wall.dae" IsOccluder="true" />
        <Entry CastShadows="true" Collides="true" File="static_objects/urban/damaged/urban_damagedl_right_angled_wall.dae" IsOccluder="true" />
        <Entry CastShadows="true" Collides="true" File="static_objects/urban/damaged_ceil/urban_damaged_curved_ceiling.dae" IsOccluder="true" />
        <Entry CastShadows="true" Collides="true" File="static_objects/urban/damaged_ceil/urban_damaged_curved_corner_ceiling.dae" IsOccluder="true" />
        <Entry CastShadows="true" Collides="true" File="static_objects/urban/damaged_ceil/urban_damaged_deco_corner_ceiling.dae" IsOccluder="true" />
        <Entry CastShadows="true" Collides="true" File="static_objects/urban/damaged_ceil/urban_damaged_deco_default_ceiling.dae" IsOccluder="true" />
        <Entry CastShadows="true" Collides="true" File="static_objects/urban/damaged_ceil/urban_damaged_deco_default_double_ceiling.dae" IsOccluder="true" />
        <Entry CastShadows="true" Collides="true" File="static_objects/urban/damaged_ceil/urban_damaged_deco_left_angle_ceiling.dae" IsOccluder="true" />
        <Entry CastShadows="true" Collides="true" File="static_objects/urban/damaged_ceil/urban_damaged_deco_left_angle_end_ceiling.dae" IsOccluder="true" />
        <Entry CastShadows="true" Collides="true" File="static_objects/urban/damaged_ceil/urban_damaged_deco_pillar_block_ceiling.dae" IsOccluder="true" />
        <Entry CastShadows="true" Collides="true" File="static_objects/urban/damaged_ceil/urban_damaged_deco_pillar_ceiling.dae" IsOccluder="true" />
        <Entry CastShadows="true" Collides="true" File="static_objects/urban/damaged_ceil/urban_damaged_deco_right_angle_ceiling.dae" IsOccluder="true" />
        <Entry CastShadows="true" Collides="true" File="static_objects/urban/damaged_ceil/urban_damaged_deco_right_angle_end_ceiling.dae" IsOccluder="true" />
        <Entry CastShadows="true" Collides="true" File="static_objects/urban/damaged_ceil/urban_damaged_default_angled_ceiling.dae" IsOccluder="true" />
        <Entry CastShadows="true" Collides="true" File="static_objects/urban/damaged_ceil/urban_damaged_default_ceiling.dae" IsOccluder="true" />
        <Entry CastShadows="true" Collides="true" File="static_objects/urban/damaged_ceil/urban_damaged_welder_ceiling.dae" IsOccluder="true" />
        <Entry CastShadows="true" Collides="true" File="static_objects/urban/damaged_floor/urban_damaged_curved_floor.dae" IsOccluder="true" />
        <Entry CastShadows="true" Collides="true" File="static_objects/urban/damaged_floor/urban_damaged_default_floor.dae" IsOccluder="true" />
        <Entry CastShadows="true" Collides="true" File="static_objects/urban/damaged_floor/urban_damaged_hole_floor.dae" IsOccluder="true" />
        <Entry CastShadows="true" Collides="true" File="static_objects/urban/damaged_floor/urban_damaged_steps_floor.dae" IsOccluder="true" />
        <Entry CastShadows="true" Collides="true" File="static_objects/urban/damaged_floor/urban_damaged_wood_floor.dae" IsOccluder="true" />
        <Entry CastShadows="true" Collides="true" File="static_objects/urban/damaged_floor/urban_damaged_wood_steps_floor.dae" IsOccluder="true" />
        <Entry CastShadows="true" Collides="true" File="static_objects/urban/damaged_wall/special_teaser_wall_hole.dae" IsOccluder="true" />
        <Entry CastShadows="true" Collides="true" File="static_objects/urban/damaged_wall/urban_damaged_default_post.dae" IsOccluder="true" />
        <Entry CastShadows="true" Collides="true" File="static_objects/urban/damaged_wall/urban_damaged_default_small_wall.dae" IsOccluder="true" />
        <Entry CastShadows="true" Collides="true" File="static_objects/urban/damaged_wall/urban_damaged_default_wall.dae" IsOccluder="true" />
        <Entry CastShadows="true" Collides="true" File="static_objects/urban/damaged_wall/urban_damaged_doorway.dae" IsOccluder="true" />
        <Entry CastShadows="true" Collides="true" File="static_objects/urban/damaged_wall/urban_damaged_doorway_wall.dae" IsOccluder="true" />
        <Entry CastShadows="true" Collides="true" File="static_objects/urban/damaged_wall/urban_damaged_large_arched_doorway_wall.dae" IsOccluder="true" />
        <Entry CastShadows="true" Collides="true" File="static_objects/urban/damaged_wall/urban_damaged_large_curve_wall.dae" IsOccluder="true" />
        <Entry CastShadows="true" Collides="true" File="static_objects/urban/damaged_wall/urban_damaged_small_curve_wall.dae" IsOccluder="true" />
        <Entry CastShadows="true" Collides="true" File="static_objects/urban/damaged_wall/urban_damaged_small_left_angled_wall.dae" IsOccluder="true" />
        <Entry CastShadows="true" Collides="true" File="static_objects/urban/damaged_wall/urban_damaged_small_right_angled_wall.dae" IsOccluder="true" />
        <Entry CastShadows="true" Collides="true" File="static_objects/urban/damaged_wall/urban_damaged_small_square_hole_wall.dae" IsOccluder="true" />
        <Entry CastShadows="true" Collides="true" File="static_objects/urban/damaged_wall/urban_damaged_window_wall.dae" IsOccluder="true" />
        <Entry CastShadows="true" Collides="true" File="static_objects/urban/damaged_wall/urban_damagedl_left_angled_wall.dae" IsOccluder="true" />
        <Entry CastShadows="true" Collides="true" File="static_objects/urban/damaged_wall/urban_damagedl_right_angled_wall.dae" IsOccluder="true" />
        <Entry CastShadows="true" Collides="true" File="static_objects/urban/floor/scanningroom_floor_marble01.dae" IsOccluder="true" />
        <Entry CastShadows="true" Collides="true" File="static_objects/urban/floor/scanningroom_floor_marble02.dae" IsOccluder="true" />
        <Entry CastShadows="true" Collides="true" File="static_objects/urban/floor/scanningroom_floor_marble03.dae" IsOccluder="true" />
        <Entry CastShadows="true" Collides="true" File="static_objects/urban/floor/waitingroom_linoleum_rolled.dae" IsOccluder="true" />
        <Entry CastShadows="true" Collides="true" File="static_objects/urban/furniture/chair_work.dae" IsOccluder="true" />
        <Entry CastShadows="true" Collides="true" File="static_objects/urban/ornaments/carpet_rag_rug.dae" IsOccluder="true" />
        <Entry CastShadows="true" Collides="true" File="static_objects/urban/ornaments/carpet_rag_rug_blue.dae" IsOccluder="true" />
        <Entry CastShadows="true" Collides="true" File="static_objects/urban/ornaments/carpet_straight.dae" IsOccluder="true" />
        <Entry CastShadows="true" Collides="true" File="static_objects/urban/ornaments/scanroom_schedule/scanroom_schedule01.dae" IsOccluder="true" />
        <Entry CastShadows="true" Collides="true" File="static_objects/urban/ornaments/scanroom_schedule/scanroom_schedule02.dae" IsOccluder="true" />
        <Entry CastShadows="true" Collides="true" File="static_objects/urban/pipes/pipe_toilet/pipe_toilet_bend.dae" IsOccluder="true" />
        <Entry CastShadows="true" Collides="true" File="static_objects/urban/pipes/pipe_toilet/pipe_toilet_bracket.dae" IsOccluder="true" />
        <Entry CastShadows="true" Collides="true" File="static_objects/urban/pipes/pipe_toilet/pipe_toilet_straight.dae" IsOccluder="true" />
        <Entry CastShadows="true" Collides="true" File="static_objects/urban/roof/urban_welder_ceiling.dae" IsOccluder="true" />
        <Entry CastShadows="true" Collides="true" File="static_objects/urban/roof/waitingroom_board_square.dae" IsOccluder="true" />
        <Entry CastShadows="true" Collides="true" File="static_objects/urban/roof/waitingroom_board_square_worn.dae" IsOccluder="true" />
        <Entry CastShadows="true" Collides="true" File="static_objects/urban/special/00_01_outside_simon_apart/00_01_outside_simon_apart.dae" IsOccluder="true" />
        <Entry CastShadows="true" Collides="true" File="static_objects/urban/special/00_01_outside_simon_apart/00_01_outside_simon_apart_bg_building.dae" IsOccluder="true" />
        <Entry CastShadows="true" Collides="true" File="static_objects/urban/special/00_02_outside/00_02_outside.DAE" IsOccluder="true" />
        <Entry CastShadows="true" Collides="true" File="static_objects/urban/special/00_03_contraption_pipeline/00_03_contraption_pipeline.dae" IsOccluder="true" />
        <Entry CastShadows="true" Collides="true" File="static_objects/urban/special/00_03_outside_waitroom/00_03_outside_adboard_A.dae" IsOccluder="true" />
        <Entry CastShadows="true" Collides="true" File="static_objects/urban/special/00_03_outside_waitroom/00_03_outside_adboard_B.dae" IsOccluder="true" />
        <Entry CastShadows="true" Collides="true" File="static_objects/urban/special/00_03_outside_waitroom/00_03_outside_adboard_C.dae" IsOccluder="true" />
        <Entry CastShadows="true" Collides="true" File="static_objects/urban/special/00_03_outside_waitroom/00_03_outside_adcylinder.dae" IsOccluder="true" />
        <Entry CastShadows="true" Collides="true" File="static_objects/urban/special/00_03_outside_waitroom/00_03_outside_antenna_A.DAE" IsOccluder="true" />
        <Entry CastShadows="true" Collides="true" File="static_objects/urban/special/00_03_outside_waitroom/00_03_outside_antenna_B.DAE" IsOccluder="true" />
        <Entry CastShadows="true" Collides="true" File="static_objects/urban/special/00_03_outside_waitroom/00_03_outside_antenna_C.DAE" IsOccluder="true" />
        <Entry CastShadows="true" Collides="true" File="static_objects/urban/special/00_03_outside_waitroom/00_03_outside_barrels.DAE" IsOccluder="true" />
        <Entry CastShadows="true" Collides="true" File="static_objects/urban/special/00_03_outside_waitroom/00_03_outside_bikestand_A.dae" IsOccluder="true" />
        <Entry CastShadows="true" Collides="true" File="static_objects/urban/special/00_03_outside_waitroom/00_03_outside_bikestand_B.dae" IsOccluder="true" />
        <Entry CastShadows="true" Collides="true" File="static_objects/urban/special/00_03_outside_waitroom/00_03_outside_billboard_A.dae" IsOccluder="true" />
        <Entry CastShadows="true" Collides="true" File="static_objects/urban/special/00_03_outside_waitroom/00_03_outside_billboard_B.dae" IsOccluder="true" />
        <Entry CastShadows="true" Collides="true" File="static_objects/urban/special/00_03_outside_waitroom/00_03_outside_billboard_C.dae" IsOccluder="true" />
        <Entry CastShadows="true" Collides="true" File="static_objects/urban/special/00_03_outside_waitroom/00_03_outside_building_a.dae" IsOccluder="true" />
        <Entry CastShadows="true" Collides="true" File="static_objects/urban/special/00_03_outside_waitroom/00_03_outside_building_b.dae" IsOccluder="true" />
        <Entry CastShadows="true" Collides="true" File="static_objects/urban/special/00_03_outside_waitroom/00_03_outside_building_c.dae" IsOccluder="true" />
        <Entry CastShadows="true" Collides="true" File="static_objects/urban/special/00_03_outside_waitroom/00_03_outside_building_closeup.dae" IsOccluder="true" />
        <Entry CastShadows="true" Collides="true" File="static_objects/urban/special/00_03_outside_waitroom/00_03_outside_building_d.dae" IsOccluder="true" />
        <Entry CastShadows="true" Collides="true" File="static_objects/urban/special/00_03_outside_waitroom/00_03_outside_building_e.dae" IsOccluder="true" />
        <Entry CastShadows="true" Collides="true" File="static_objects/urban/special/00_03_outside_waitroom/00_03_outside_building_f.dae" IsOccluder="true" />
        <Entry CastShadows="true" Collides="true" File="static_objects/urban/special/00_03_outside_waitroom/00_03_outside_building_foreground_a.dae" IsOccluder="true" />
        <Entry CastShadows="true" Collides="true" File="static_objects/urban/special/00_03_outside_waitroom/00_03_outside_building_foreground_b.dae" IsOccluder="true" />
        <Entry CastShadows="true" Collides="true" File="static_objects/urban/special/00_03_outside_waitroom/00_03_outside_building_g.dae" IsOccluder="true" />
        <Entry CastShadows="true" Collides="true" File="static_objects/urban/special/00_03_outside_waitroom/00_03_outside_building_h.dae" IsOccluder="true" />
        <Entry CastShadows="true" Collides="true" File="static_objects/urban/special/00_03_outside_waitroom/00_03_outside_building_i.dae" IsOccluder="true" />
        <Entry CastShadows="true" Collides="true" File="static_objects/urban/special/00_03_outside_waitroom/00_03_outside_building_j.dae" IsOccluder="true" />
        <Entry CastShadows="true" Collides="true" File="static_objects/urban/special/00_03_outside_waitroom/00_03_outside_building_k.dae" IsOccluder="true" />
        <Entry CastShadows="true" Collides="true" File="static_objects/urban/special/00_03_outside_waitroom/00_03_outside_building_l.dae" IsOccluder="true" />
        <Entry CastShadows="true" Collides="true" File="static_objects/urban/special/00_03_outside_waitroom/00_03_outside_building_m.dae" IsOccluder="true" />
        <Entry CastShadows="true" Collides="true" File="static_objects/urban/special/00_03_outside_waitroom/00_03_outside_crane.DAE" IsOccluder="true" />
        <Entry CastShadows="true" Collides="true" File="static_objects/urban/special/00_03_outside_waitroom/00_03_outside_flag_facade.dae" IsOccluder="true" />
        <Entry CastShadows="true" Collides="true" File="static_objects/urban/special/00_03_outside_waitroom/00_03_outside_flagpole_canada.dae" IsOccluder="true" />
        <Entry CastShadows="true" Collides="true" File="static_objects/urban/special/00_03_outside_waitroom/00_03_outside_flagpole_toronto.dae" IsOccluder="true" />
        <Entry CastShadows="true" Collides="true" File="static_objects/urban/special/00_03_outside_waitroom/00_03_outside_icecreamstand.dae" IsOccluder="true" />
        <Entry CastShadows="true" Collides="true" File="static_objects/urban/special/00_03_outside_waitroom/00_03_outside_skyline.dae" IsOccluder="true" />
        <Entry CastShadows="true" Collides="true" File="static_objects/urban/special/00_03_outside_waitroom/00_03_outside_sunpanel.DAE" IsOccluder="true" />
        <Entry CastShadows="true" Collides="true" File="static_objects/urban/special/00_03_outside_waitroom/00_03_outside_tarp_A.dae" IsOccluder="true" />
        <Entry CastShadows="true" Collides="true" File="static_objects/urban/special/00_03_outside_waitroom/00_03_outside_tarp_B.dae" IsOccluder="true" />
        <Entry CastShadows="true" Collides="true" File="static_objects/urban/special/00_03_outside_waitroom/00_03_outside_toronto_tower.dae" IsOccluder="true" />
        <Entry CastShadows="true" Collides="true" File="static_objects/urban/special/00_03_outside_waitroom/00_03_outside_university.dae" IsOccluder="true" />
        <Entry CastShadows="true" Collides="true" File="static_objects/urban/special/00_03_outside_waitroom/00_03_outside_university_ground.dae" IsOccluder="true" />
        <Entry CastShadows="true" Collides="true" File="static_objects/urban/special/00_03_outside_waitroom/00_03_outside_university_no_ground.dae" IsOccluder="true" />
        <Entry CastShadows="true" Collides="true" File="static_objects/urban/special/00_03_outside_waitroom/00_03_outside_ventilation.dae" IsOccluder="true" />
        <Entry CastShadows="true" Collides="true" File="static_objects/urban/special/00_03_outside_waitroom/00_03_outside_waitroom.dae" IsOccluder="true" />
        <Entry CastShadows="true" Collides="true" File="static_objects/urban/special/00_03_outside_waitroom/outside_waitroom_props_barrels.DAE" IsOccluder="true" />
        <Entry CastShadows="true" Collides="true" File="static_objects/urban/special/00_03_outside_waitroom/outside_waitroom_props_ventilation.DAE" IsOccluder="true" />
        <Entry CastShadows="true" Collides="true" File="static_objects/urban/special/00_04_flat_window_no_blinds.dae" IsOccluder="true" />
        <Entry CastShadows="true" Collides="true" File="static_objects/urban/special/01_01/01_01_computer_room_maintenance_tunnel.dae" IsOccluder="true" />
        <Entry CastShadows="true" Collides="true" File="static_objects/urban/special/01_01/01_01_corridor_wall_flat_short_broken01.dae" IsOccluder="true" />
        <Entry CastShadows="true" Collides="true" File="static_objects/urban/special/01_01/01_01_corridor_wall_flat_short_broken_bottom01.dae" IsOccluder="true" />
        <Entry CastShadows="true" Collides="true" File="static_objects/urban/special/01_01/01_01_corridor_wall_flat_short_broken_top01.dae" IsOccluder="true" />
        <Entry CastShadows="true" Collides="true" File="static_objects/urban/special/01_01/01_01_waitingroom_flat_short_robot_tunnel.dae" IsOccluder="true" />
        <Entry CastShadows="true" Collides="true" File="static_objects/urban/special/01_01/01_01_waitingroom_wall_damaged_kamera_hole.dae" IsOccluder="true" />
        <Entry CastShadows="true" Collides="true" File="static_objects/urban/special/01_01_simon_apart/01_01_simon_apart_toilet_hole.dae" IsOccluder="true" />
        <Entry CastShadows="true" Collides="true" File="static_objects/urban/special/05_02_bridge.dae" IsOccluder="true" />
        <Entry CastShadows="true" Collides="true" File="static_objects/urban/special/05_02_bridge_fences.dae" IsOccluder="true" />
        <Entry CastShadows="true" Collides="true" File="static_objects/urban/special/05_02_fences/02_05_fence.DAE" IsOccluder="true" />
        <Entry CastShadows="true" Collides="true" File="static_objects/urban/special/05_02_fences/02_05_fence_pole.DAE" IsOccluder="true" />
        <Entry CastShadows="true" Collides="true" File="static_objects/urban/special/05_02_table.dae" IsOccluder="true" />
        <Entry CastShadows="true" Collides="true" File="static_objects/urban/special/skyline.dae" IsOccluder="true" />
        <Entry CastShadows="true" Collides="true" File="static_objects/urban/special/skyline_waitingroom.dae" IsOccluder="true" />
        <Entry CastShadows="true" Collides="true" File="static_objects/urban/walls/bathroom_concave.dae" IsOccluder="true" />
        <Entry CastShadows="true" Collides="true" File="static_objects/urban/walls/bathroom_concave_short.dae" IsOccluder="true" />
        <Entry CastShadows="true" Collides="true" File="static_objects/urban/walls/bathroom_convex.dae" IsOccluder="true" />
        <Entry CastShadows="true" Collides="true" File="static_objects/urban/walls/bathroom_convex_short.dae" IsOccluder="true" />
        <Entry CastShadows="true" Collides="true" File="static_objects/urban/walls/bathroom_damaged_concave.dae" IsOccluder="true" />
        <Entry CastShadows="true" Collides="true" File="static_objects/urban/walls/bathroom_damaged_concave_short.dae" IsOccluder="true" />
        <Entry CastShadows="true" Collides="true" File="static_objects/urban/walls/bathroom_damaged_convex.dae" IsOccluder="true" />
        <Entry CastShadows="true" Collides="true" File="static_objects/urban/walls/bathroom_damaged_convex_short.dae" IsOccluder="true" />
        <Entry CastShadows="true" Collides="true" File="static_objects/urban/walls/bathroom_damaged_flat.dae" IsOccluder="true" />
        <Entry CastShadows="true" Collides="true" File="static_objects/urban/walls/bathroom_damaged_flat_doorway.dae" IsOccluder="true" />
        <Entry CastShadows="true" Collides="true" File="static_objects/urban/walls/bathroom_damaged_flat_short.dae" IsOccluder="true" />
        <Entry CastShadows="true" Collides="true" File="static_objects/urban/walls/bathroom_flat.dae" IsOccluder="true" />
        <Entry CastShadows="true" Collides="true" File="static_objects/urban/walls/bathroom_flat_doorway.dae" IsOccluder="true" />
        <Entry CastShadows="true" Collides="true" File="static_objects/urban/walls/bathroom_flat_short.dae" IsOccluder="true" />
        <Entry CastShadows="true" Collides="true" File="static_objects/urban/walls/bathroom_flat_window.dae" IsOccluder="true" />
        <Entry CastShadows="true" Collides="true" File="static_objects/urban/walls/hallway_damaged_concave.dae" IsOccluder="true" />
        <Entry CastShadows="true" Collides="true" File="static_objects/urban/walls/hallway_damaged_concave_short.dae" IsOccluder="true" />
        <Entry CastShadows="true" Collides="true" File="static_objects/urban/walls/hallway_damaged_convex.dae" IsOccluder="true" />
        <Entry CastShadows="true" Collides="true" File="static_objects/urban/walls/hallway_damaged_convex_short.dae" IsOccluder="true" />
        <Entry CastShadows="true" Collides="true" File="static_objects/urban/walls/hallway_damaged_doorway.dae" IsOccluder="true" />
        <Entry CastShadows="true" Collides="true" File="static_objects/urban/walls/hallway_damaged_doorway_narrow.dae" IsOccluder="true" />
        <Entry CastShadows="true" Collides="true" File="static_objects/urban/walls/hallway_damaged_flat.dae" IsOccluder="true" />
        <Entry CastShadows="true" Collides="true" File="static_objects/urban/walls/hallway_damaged_flat_short.dae" IsOccluder="true" />
        <Entry CastShadows="true" Collides="true" File="static_objects/urban/walls/hallway_damaged_flat_window.dae" IsOccluder="true" />
        <Entry CastShadows="true" Collides="true" File="static_objects/urban/walls/hospital_corridor_concave.dae" IsOccluder="true" />
        <Entry CastShadows="true" Collides="true" File="static_objects/urban/walls/hospital_corridor_convex.dae" IsOccluder="true" />
        <Entry CastShadows="true" Collides="true" File="static_objects/urban/walls/hospital_corridor_convex_small.dae" IsOccluder="true" />
        <Entry CastShadows="true" Collides="true" File="static_objects/urban/walls/hospital_corridor_default.dae" IsOccluder="true" />
        <Entry CastShadows="true" Collides="true" File="static_objects/urban/walls/hospital_corridor_default_color.dae" IsOccluder="true" />
        <Entry CastShadows="true" Collides="true" File="static_objects/urban/walls/hospital_corridor_default_small.dae" IsOccluder="true" />
        <Entry CastShadows="true" Collides="true" File="static_objects/urban/walls/hospital_corridor_doorway.dae" IsOccluder="true" />
        <Entry CastShadows="true" Collides="true" File="static_objects/urban/walls/hospital_corridor_doorway_large.dae" IsOccluder="true" />
        <Entry CastShadows="true" Collides="true" File="static_objects/urban/walls/hospital_corridor_doorway_large_color.dae" IsOccluder="true" />
        <Entry CastShadows="true" Collides="true" File="static_objects/urban/walls/livingroom_concave.dae" IsOccluder="true" />
        <Entry CastShadows="true" Collides="true" File="static_objects/urban/walls/livingroom_concave_short.dae" IsOccluder="true" />
        <Entry CastShadows="true" Collides="true" File="static_objects/urban/walls/livingroom_convex.dae" IsOccluder="true" />
        <Entry CastShadows="true" Collides="true" File="static_objects/urban/walls/livingroom_convex_short.dae" IsOccluder="true" />
        <Entry CastShadows="true" Collides="true" File="static_objects/urban/walls/livingroom_damaged_concave.dae" IsOccluder="true" />
        <Entry CastShadows="true" Collides="true" File="static_objects/urban/walls/livingroom_damaged_concave_short.dae" IsOccluder="true" />
        <Entry CastShadows="true" Collides="true" File="static_objects/urban/walls/livingroom_damaged_convex.dae" IsOccluder="true" />
        <Entry CastShadows="true" Collides="true" File="static_objects/urban/walls/livingroom_damaged_convex_short.dae" IsOccluder="true" />
        <Entry CastShadows="true" Collides="true" File="static_objects/urban/walls/livingroom_damaged_doorframe.dae" IsOccluder="true" />
        <Entry CastShadows="true" Collides="true" File="static_objects/urban/walls/livingroom_damaged_doorway.dae" IsOccluder="true" />
        <Entry CastShadows="true" Collides="true" File="static_objects/urban/walls/livingroom_damaged_flat.dae" IsOccluder="true" />
        <Entry CastShadows="true" Collides="true" File="static_objects/urban/walls/livingroom_damaged_flat_hole.dae" IsOccluder="true" />
        <Entry CastShadows="true" Collides="true" File="static_objects/urban/walls/livingroom_damaged_flat_short.dae" IsOccluder="true" />
        <Entry CastShadows="true" Collides="true" File="static_objects/urban/walls/livingroom_damaged_flat_window.dae" IsOccluder="true" />
        <Entry CastShadows="true" Collides="true" File="static_objects/urban/walls/livingroom_damaged_flat_window_no_blinds.dae" IsOccluder="true" />
        <Entry CastShadows="true" Collides="true" File="static_objects/urban/walls/livingroom_damaged_hole_door.dae" IsOccluder="true" />
        <Entry CastShadows="true" Collides="true" File="static_objects/urban/walls/livingroom_damaged_hole_small.dae" IsOccluder="true" />
        <Entry CastShadows="true" Collides="true" File="static_objects/urban/walls/livingroom_damaged_hole_small_backside.dae" IsOccluder="true" />
        <Entry CastShadows="true" Collides="true" File="static_objects/urban/walls/livingroom_doorframe.dae" IsOccluder="true" />
        <Entry CastShadows="true" Collides="true" File="static_objects/urban/walls/livingroom_flat.dae" IsOccluder="true" />
        <Entry CastShadows="true" Collides="true" File="static_objects/urban/walls/livingroom_flat_doorway.dae" IsOccluder="true" />
        <Entry CastShadows="true" Collides="true" File="static_objects/urban/walls/livingroom_flat_doorway_narrow.dae" IsOccluder="true" />
        <Entry CastShadows="true" Collides="true" File="static_objects/urban/walls/livingroom_flat_hole.dae" IsOccluder="true" />
        <Entry CastShadows="true" Collides="true" File="static_objects/urban/walls/livingroom_flat_short.dae" IsOccluder="true" />
        <Entry CastShadows="true" Collides="true" File="static_objects/urban/walls/livingroom_flat_window.dae" IsOccluder="true" />
        <Entry CastShadows="true" Collides="true" File="static_objects/urban/walls/livingroom_flat_window_no_blinds.dae" IsOccluder="true" />
        <Entry CastShadows="true" Collides="true" File="static_objects/urban/walls/scanningroom_concave.dae" IsOccluder="true" />
        <Entry CastShadows="true" Collides="true" File="static_objects/urban/walls/scanningroom_concave_short.dae" IsOccluder="true" />
        <Entry CastShadows="true" Collides="true" File="static_objects/urban/walls/scanningroom_damaged_concave.dae" IsOccluder="true" />
        <Entry CastShadows="true" Collides="true" File="static_objects/urban/walls/scanningroom_damaged_concave_short.dae" IsOccluder="true" />
        <Entry CastShadows="true" Collides="true" File="static_objects/urban/walls/scanningroom_damaged_doorframe.dae" IsOccluder="true" />
        <Entry CastShadows="true" Collides="true" File="static_objects/urban/walls/scanningroom_damaged_flat.dae" IsOccluder="true" />
        <Entry CastShadows="true" Collides="true" File="static_objects/urban/walls/scanningroom_damaged_flat_doorway.dae" IsOccluder="true" />
        <Entry CastShadows="true" Collides="true" File="static_objects/urban/walls/scanningroom_damaged_flat_doorway02.dae" IsOccluder="true" />
        <Entry CastShadows="true" Collides="true" File="static_objects/urban/walls/scanningroom_damaged_flat_short.dae" IsOccluder="true" />
        <Entry CastShadows="true" Collides="true" File="static_objects/urban/walls/scanningroom_doorframe.dae" IsOccluder="true" />
        <Entry CastShadows="true" Collides="true" File="static_objects/urban/walls/scanningroom_doorframe_narrow.dae" IsOccluder="true" />
        <Entry CastShadows="true" Collides="true" File="static_objects/urban/walls/scanningroom_flat.dae" IsOccluder="true" />
        <Entry CastShadows="true" Collides="true" File="static_objects/urban/walls/scanningroom_flat_doorway.dae" IsOccluder="true" />
        <Entry CastShadows="true" Collides="true" File="static_objects/urban/walls/scanningroom_flat_doorway_scanroom.dae" IsOccluder="true" />
        <Entry CastShadows="true" Collides="true" File="static_objects/urban/walls/scanningroom_flat_short.dae" IsOccluder="true" />
        <Entry CastShadows="true" Collides="true" File="static_objects/urban/walls/scanroom_corridor_damaged_doorframe.dae" IsOccluder="true" />
        <Entry CastShadows="true" Collides="true" File="static_objects/urban/walls/scanroom_corridor_damaged_wall_flat .dae" IsOccluder="true" />
        <Entry CastShadows="true" Collides="true" File="static_objects/urban/walls/scanroom_corridor_damaged_wall_flat_doorway.dae" IsOccluder="true" />
        <Entry CastShadows="true" Collides="true" File="static_objects/urban/walls/scanroom_corridor_damaged_wall_post.dae" IsOccluder="true" />
        <Entry CastShadows="true" Collides="true" File="static_objects/urban/walls/scanroom_corridor_damaged_wall_small_curve.dae" IsOccluder="true" />
        <Entry CastShadows="true" Collides="true" File="static_objects/urban/walls/scanroom_corridor_doorframe.dae" IsOccluder="true" />
        <Entry CastShadows="true" Collides="true" File="static_objects/urban/walls/scanroom_corridor_doorframe_narrow.dae" IsOccluder="true" />
        <Entry CastShadows="true" Collides="true" File="static_objects/urban/walls/scanroom_corridor_wall_flat.dae" IsOccluder="true" />
        <Entry CastShadows="true" Collides="true" File="static_objects/urban/walls/scanroom_corridor_wall_flat_doorway.dae" IsOccluder="true" />
        <Entry CastShadows="true" Collides="true" File="static_objects/urban/walls/scanroom_corridor_wall_flat_short.dae" IsOccluder="true" />
        <Entry CastShadows="true" Collides="true" File="static_objects/urban/walls/scanroom_corridor_wall_post.dae" IsOccluder="true" />
        <Entry CastShadows="true" Collides="true" File="static_objects/urban/walls/scanroom_corridor_wall_small_curve.dae" IsOccluder="true" />
        <Entry CastShadows="true" Collides="true" File="static_objects/urban/walls/waitingroom_concave.dae" IsOccluder="true" />
        <Entry CastShadows="true" Collides="true" File="static_objects/urban/walls/waitingroom_concave_short.dae" IsOccluder="true" />
        <Entry CastShadows="true" Collides="true" File="static_objects/urban/walls/waitingroom_convex.dae" IsOccluder="true" />
        <Entry CastShadows="true" Collides="true" File="static_objects/urban/walls/waitingroom_convex_short.dae" IsOccluder="true" />
        <Entry CastShadows="true" Collides="true" File="static_objects/urban/walls/waitingroom_damage_concave_short.dae" IsOccluder="true" />
        <Entry CastShadows="true" Collides="true" File="static_objects/urban/walls/waitingroom_damaged_concave.dae" IsOccluder="true" />
        <Entry CastShadows="true" Collides="true" File="static_objects/urban/walls/waitingroom_damaged_convex.dae" IsOccluder="true" />
        <Entry CastShadows="true" Collides="true" File="static_objects/urban/walls/waitingroom_damaged_convex_short.dae" IsOccluder="true" />
        <Entry CastShadows="true" Collides="true" File="static_objects/urban/walls/waitingroom_damaged_flat.dae" IsOccluder="true" />
        <Entry CastShadows="true" Collides="true" File="static_objects/urban/walls/waitingroom_damaged_flat_doorframe.dae" IsOccluder="true" />
        <Entry CastShadows="true" Collides="true" File="static_objects/urban/walls/waitingroom_damaged_flat_doorway.dae" IsOccluder="true" />
        <Entry CastShadows="true" Collides="true" File="static_objects/urban/walls/waitingroom_damaged_flat_doorway02.dae" IsOccluder="true" />
        <Entry CastShadows="true" Collides="true" File="static_objects/urban/walls/waitingroom_damaged_flat_short.dae" IsOccluder="true" />
        <Entry CastShadows="true" Collides="true" File="static_objects/urban/walls/waitingroom_damaged_flat_window.dae" IsOccluder="true" />
        <Entry CastShadows="true" Collides="true" File="static_objects/urban/walls/waitingroom_damaged_flat_window_no_blinds.dae" IsOccluder="true" />
        <Entry CastShadows="true" Collides="true" File="static_objects/urban/walls/waitingroom_drywall_concave_short.dae" IsOccluder="true" />
        <Entry CastShadows="true" Collides="true" File="static_objects/urban/walls/waitingroom_drywall_convex_short.dae" IsOccluder="true" />
        <Entry CastShadows="true" Collides="true" File="static_objects/urban/walls/waitingroom_flat.dae" IsOccluder="true" />
        <Entry CastShadows="true" Collides="true" File="static_objects/urban/walls/waitingroom_flat_doorway.dae" IsOccluder="true" />
        <Entry CastShadows="true" Collides="true" File="static_objects/urban/walls/waitingroom_flat_drywall.dae" IsOccluder="true" />
        <Entry CastShadows="true" Collides="true" File="static_objects/urban/walls/waitingroom_flat_drywall_doorway.dae" IsOccluder="true" />
        <Entry CastShadows="true" Collides="true" File="static_objects/urban/walls/waitingroom_flat_drywall_short.dae" IsOccluder="true" />
        <Entry CastShadows="true" Collides="true" File="static_objects/urban/walls/waitingroom_flat_edge.dae" IsOccluder="true" />
        <Entry CastShadows="true" Collides="true" File="static_objects/urban/walls/waitingroom_flat_short.dae" IsOccluder="true" />
        <Entry CastShadows="true" Collides="true" File="static_objects/urban/walls/waitingroom_flat_short_borders.dae" IsOccluder="true" />
        <Entry CastShadows="true" Collides="true" File="static_objects/urban/walls/waitingroom_flat_short_edge.dae" IsOccluder="true" />
        <Entry CastShadows="true" Collides="true" File="static_objects/urban/walls/waitingroom_flat_white.dae" IsOccluder="true" />
        <Entry CastShadows="true" Collides="true" File="static_objects/urban/walls/waitingroom_flat_white_doorway.dae" IsOccluder="true" />
        <Entry CastShadows="true" Collides="true" File="static_objects/urban/walls/waitingroom_flat_white_short.dae" IsOccluder="true" />
        <Entry CastShadows="true" Collides="true" File="static_objects/urban/walls/waitingroom_flat_white_window.dae" IsOccluder="true" />
        <Entry CastShadows="true" Collides="true" File="static_objects/urban/walls/waitingroom_flat_window.dae" IsOccluder="true" />
        <Entry CastShadows="true" Collides="true" File="static_objects/urban/walls/waitingroom_flat_window_no_blinds.dae" IsOccluder="true" />
        <Entry CastShadows="true" Collides="true" File="static_objects/urban/walls/waitingroom_flat_window_no_blinds_dark.dae" IsOccluder="true" />
        <Entry CastShadows="true" Collides="true" File="static_objects/urban/walls/waitingroom_flat_window_noblinds_edge.dae" IsOccluder="true" />
        <Entry CastShadows="true" Collides="true" File="static_objects/urban/walls/waitingroom_reception_convex.dae" IsOccluder="true" />
        <Entry CastShadows="true" Collides="true" File="static_objects/urban/walls/waitingroom_reception_damaged_convex.dae" IsOccluder="true" />
        <Entry CastShadows="true" Collides="true" File="static_objects/urban/walls/waitingroom_reception_damaged_flat.dae" IsOccluder="true" />
        <Entry CastShadows="true" Collides="true" File="static_objects/urban/walls/waitingroom_reception_damaged_flat_doorway.dae" IsOccluder="true" />
        <Entry CastShadows="true" Collides="true" File="static_objects/urban/walls/waitingroom_reception_damaged_flat_short.dae" IsOccluder="true" />
        <Entry CastShadows="true" Collides="true" File="static_objects/urban/walls/waitingroom_reception_flat.dae" IsOccluder="true" />
        <Entry CastShadows="true" Collides="true" File="static_objects/urban/walls/waitingroom_reception_flat_doorway.dae" IsOccluder="true" />
        <Entry CastShadows="true" Collides="true" File="static_objects/urban/walls/waitingroom_reception_flat_short.dae" IsOccluder="true" />
        <Entry CastShadows="true" Collides="true" File="static_objects/urban/walls/waitingroom_receptiondesk_broken_wall.dae" IsOccluder="true" />
        <Entry CastShadows="true" Collides="true" File="static_objects/urban/walls/waitingroom_receptiondesk_damaged_window.dae" IsOccluder="true" />
        <Entry CastShadows="true" Collides="true" File="static_objects/urban/walls/waitingroom_receptiondesk_damaged_window_welder.dae" IsOccluder="true" />
        <Entry CastShadows="true" Collides="true" File="static_objects/urban/walls/waitingroom_receptiondesk_window.dae" IsOccluder="true" />
        <Entry CastShadows="true" Collides="true" File="static_objects/urban/walls/waitingroom_receptiondesk_window_welder.dae" IsOccluder="true" />
        <Entry CastShadows="true" Collides="true" File="static_objects/urban/walls/waitingroom_white_concave_short.dae" IsOccluder="true" />
        <Entry CastShadows="true" Collides="true" File="static_objects/urban/walls/waitingroom_white_concave_short_edge.dae" IsOccluder="true" />
        <Entry CastShadows="true" Collides="true" File="static_objects/urban/walls/waitingroom_white_convex_short.dae" IsOccluder="true" />
        <Entry CastShadows="true" Collides="true" File="static_objects/urban/walls/waitingroom_white_convex_short_edge.dae" IsOccluder="true" />
    </List>
</Defaults>
